t,backend,slot,pressed_hex,released_hex,last_player_word0,next_player_word0,next_delay_ms,intervening_input,observation_gap,interpretation
0.051343,winmm,0,0x22,0x0,0x0C58,0x0C52,145.922,True,False,Temporal association only; no game input acceptance established
0.162255,winmm,0,0x0,0x2,0x0C58,0x0C52,35.01,True,False,Temporal association only; no game input acceptance established
0.173273,winmm,0,0x1,0x0,0x0C58,0x0C52,23.992,False,False,Temporal association only; no game input acceptance established
0.37586,winmm,0,0x0,0x1,0x0C52,0x0C58,43.922,True,False,Temporal association only; no game input acceptance established
0.407713,winmm,0,0x2,0x0,0x0C52,0x0C58,12.069,False,False,Temporal association only; no game input acceptance established
0.593249,winmm,0,0x0,0x2,0x0C58,0x0C52,83.296,True,False,Temporal association only; no game input acceptance established
0.658009,winmm,0,0x1,0x0,0x0C58,0x0C52,18.536,False,False,Temporal association only; no game input acceptance established
0.819057,winmm,0,0x0,0x1,0x0C52,0x0C58,36.751,False,False,Temporal association only; no game input acceptance established
0.85591,winmm,0,0x2,0x0,0x0C58,0x0C52,155.545,False,False,Temporal association only; no game input acceptance established
1.012141,winmm,0,0x1,0x0,0x0C52,,,True,True,Temporal association only; no game input acceptance established
1.043788,winmm,0,0x0,0x2,0x0C52,,,True,True,Temporal association only; no game input acceptance established
1.205571,winmm,0,0x0,0x1,0x0C52,,,True,True,Temporal association only; no game input acceptance established
1.23759,winmm,0,0x2,0x0,0x0C52,,,False,True,Temporal association only; no game input acceptance established
1.399529,winmm,0,0x0,0x2,0x0C58,0x0C52,93.539,False,False,Temporal association only; no game input acceptance established
1.493205,winmm,0,0x1,0x0,0x0C52,,,True,True,Temporal association only; no game input acceptance established
1.635315,winmm,0,0x0,0x1,0x0C52,,,False,True,Temporal association only; no game input acceptance established
1.700688,winmm,0,0x2,0x0,0x0C58,,,True,True,Temporal association only; no game input acceptance established
1.833364,winmm,0,0x1,0x0,0x0C58,,,False,True,Temporal association only; no game input acceptance established
1.924812,winmm,0,0x0,0x2,0x0C52,0x0C58,209.759,True,False,Temporal association only; no game input acceptance established
2.068178,winmm,0,0x0,0x1,0x0C52,0x0C58,66.393,True,False,Temporal association only; no game input acceptance established
2.102144,winmm,0,0x2,0x0,0x0C52,0x0C58,32.427,False,False,Temporal association only; no game input acceptance established
2.361335,winmm,0,0x1,0x0,0x0C58,0x0C52,14.039,False,False,Temporal association only; no game input acceptance established
2.396561,winmm,0,0x0,0x2,0x0C52,0x0C58,187.032,True,False,Temporal association only; no game input acceptance established
2.5472,winmm,0,0x0,0x1,0x0C52,0x0C58,36.393,True,False,Temporal association only; no game input acceptance established
2.558206,winmm,0,0x2,0x0,0x0C52,0x0C58,25.387,False,False,Temporal association only; no game input acceptance established
2.811563,winmm,0,0x1,0x0,0x0C58,0x0C52,14.314,False,False,Temporal association only; no game input acceptance established
2.857916,winmm,0,0x0,0x2,0x0C52,0x0C58,237.555,True,False,Temporal association only; no game input acceptance established
3.002348,winmm,0,0x0,0x1,0x0C52,0x0C58,93.123,True,False,Temporal association only; no game input acceptance established
3.067424,winmm,0,0x2,0x0,0x0C52,0x0C58,28.047,False,False,Temporal association only; no game input acceptance established
3.148723,winmm,0,0x0,0x2,0x0C58,0x0CD1,442.694,False,False,Temporal association only; no game input acceptance established
3.596626,winmm,0,0x1,0x0,0x0CD1,0x0C57,197.301,True,False,Temporal association only; no game input acceptance established
3.736828,winmm,0,0x0,0x1,0x0CD1,0x0C57,57.099,True,False,Temporal association only; no game input acceptance established
3.779339,winmm,0,0x8,0x0,0x0CD1,0x0C57,14.588,False,False,Temporal association only; no game input acceptance established
3.929729,winmm,0,0x0,0x8,0x0C57,0x0D8B,13.049,False,False,Temporal association only; no game input acceptance established
4.125916,winmm,0,0x2,0x0,0x0D8B,0x0D8F,23.453,False,False,Temporal association only; no game input acceptance established
4.203444,winmm,0,0x0,0x2,0x0D8F,,,False,True,Temporal association only; no game input acceptance established
4.299735,winmm,0,0x0,0x20,0x0D8F,,,False,True,Temporal association only; no game input acceptance established
4.494469,winmm,0,0x2,0x0,0x0D8F,,,False,True,Temporal association only; no game input acceptance established
4.883881,winmm,0,0x0,0x2,0x0D70,0x0D8F,16.217,False,False,Temporal association only; no game input acceptance established
5.128214,winmm,0,0x800,0x0,0x0CDF,0x0CD8,425.661,True,False,Temporal association only; no game input acceptance established
5.218343,winmm,0,0x0,0x800,0x0CDF,0x0CD8,335.532,True,False,Temporal association only; no game input acceptance established
5.529732,winmm,0,0x20,0x0,0x0CDF,0x0CD8,24.143,False,False,Temporal association only; no game input acceptance established
5.603882,winmm,0,0x1,0x0,0x0CD8,0x0C5E,28.575,False,False,Temporal association only; no game input acceptance established
5.734931,winmm,0,0x0,0x1,0x0C5E,0x0C7F,140.866,True,False,Temporal association only; no game input acceptance established
5.789818,winmm,0,0x0,0x20,0x0C5E,0x0C7F,85.979,True,False,Temporal association only; no game input acceptance established
5.863845,winmm,0,0x10,0x0,0x0C5E,0x0C7F,11.952,False,False,Temporal association only; no game input acceptance established
6.14545,winmm,0,0x800,0x0,0x0C6E,0x0C73,187.252,True,False,Temporal association only; no game input acceptance established
6.221954,winmm,0,0x0,0x800,0x0C6E,0x0C73,110.748,False,False,Temporal association only; no game input acceptance established
6.838973,winmm,0,0x2,0x0,0x0C72,0x0C82,12.679,False,False,Temporal association only; no game input acceptance established
6.867416,winmm,0,0x20,0x0,0x0C82,0x0C6E,184.467,True,False,Temporal association only; no game input acceptance established
6.921004,winmm,0,0x4,0x0,0x0C82,0x0C6E,130.879,True,False,Temporal association only; no game input acceptance established
6.931622,winmm,0,0x0,0x2,0x0C82,0x0C6E,120.261,False,False,Temporal association only; no game input acceptance established
7.06785,winmm,0,0x0,0x4,0x0C72,0x0C74,43.138,True,False,Temporal association only; no game input acceptance established
7.089202,winmm,0,0x0,0x20,0x0C72,0x0C74,21.786,False,False,Temporal association only; no game input acceptance established
7.827773,winmm,0,0x0,0x10,0x0C52,0x0C62,20.955,False,False,Temporal association only; no game input acceptance established
8.105451,winmm,0,0x20,0x0,0x0C62,0x0CDC,59.38,False,False,Temporal association only; no game input acceptance established
8.171489,winmm,0,0x2,0x0,0x0CDC,0x0D90,13.43,False,False,Temporal association only; no game input acceptance established
8.296328,winmm,0,0x0,0x2,0x0D90,0x0CDC,435.141,True,False,Temporal association only; no game input acceptance established
8.371301,winmm,0,0x0,0x20,0x0D90,0x0CDC,360.168,False,False,Temporal association only; no game input acceptance established
9.242432,winmm,0,0x10,0x0,0x0CE1,0x0CE7,25.12,False,False,Temporal association only; no game input acceptance established
9.331953,winmm,0,0x2,0x0,0x0CEE,0x0D00,16.647,False,False,Temporal association only; no game input acceptance established
9.364962,winmm,0,0x20,0x0,0x0D00,0x0CE7,187.196,True,False,Temporal association only; no game input acceptance established
9.444536,winmm,0,0x4,0x2,0x0D00,0x0CE7,107.622,True,False,Temporal association only; no game input acceptance established
9.503232,winmm,0,0x0,0x4,0x0D00,0x0CE7,48.926,False,False,Temporal association only; no game input acceptance established
9.564832,winmm,0,0x0,0x20,0x0CEE,0x0D00,174.317,True,False,Temporal association only; no game input acceptance established
9.716082,winmm,0,0x2,0x0,0x0CEE,0x0D00,23.067,False,False,Temporal association only; no game input acceptance established
9.760311,winmm,0,0x20,0x0,0x0D00,0x0CE7,173.799,True,False,Temporal association only; no game input acceptance established
9.791041,winmm,0,0x4,0x0,0x0D00,0x0CE7,143.069,True,False,Temporal association only; no game input acceptance established
9.801338,winmm,0,0x0,0x2,0x0D00,0x0CE7,132.772,True,False,Temporal association only; no game input acceptance established
9.903206,winmm,0,0x0,0x4,0x0D00,0x0CE7,30.904,False,False,Temporal association only; no game input acceptance established
9.961354,winmm,0,0x0,0x20,0x0CEC,0x0CCC,119.311,True,False,Temporal association only; no game input acceptance established
10.067977,winmm,0,0x0,0x10,0x0CEC,0x0CCC,12.688,False,False,Temporal association only; no game input acceptance established
10.825963,winmm,0,0x20,0x0,0x0CDC,0x0D90,142.217,False,False,Temporal association only; no game input acceptance established
11.160335,winmm,0,0x0,0x20,0x0D90,0x0CDC,866.734,False,False,Temporal association only; no game input acceptance established
12.475427,winmm,0,0x10,0x0,0x0D91,0x0CE7,10.898,False,False,Temporal association only; no game input acceptance established
12.650265,winmm,0,0x0,0x10,0x0CEE,0x0CCC,24.279,False,False,Temporal association only; no game input acceptance established
12.841531,winmm,0,0x10,0x0,0x0CDD,0x0CE7,14.458,False,False,Temporal association only; no game input acceptance established
13.049137,winmm,0,0x2,0x0,0x0CEA,0x0D00,23.606,False,False,Temporal association only; no game input acceptance established
13.083165,winmm,0,0x20,0x0,0x0D00,0x0D91,344.103,True,False,Temporal association only; no game input acceptance established
13.168158,winmm,0,0x0,0x2,0x0D00,0x0D91,259.11,True,False,Temporal association only; no game input acceptance established
13.264344,winmm,0,0x0,0x10,0x0D00,0x0D91,162.924,True,False,Temporal association only; no game input acceptance established
13.285539,winmm,0,0x0,0x20,0x0D00,0x0D91,141.729,False,False,Temporal association only; no game input acceptance established
13.803573,winmm,0,0x2,0x0,0x0D92,,,False,True,Temporal association only; no game input acceptance established
14.440985,winmm,0,0x0,0x2,0x0D70,0x0D44,14.725,False,False,Temporal association only; no game input acceptance established
15.375581,winmm,0,0x10,0x0,0x0D8F,0x0CE7,14.464,False,False,Temporal association only; no game input acceptance established
15.620484,winmm,0,0x2,0x0,0x0CEC,0x0CFE,24.42,True,False,Temporal association only; no game input acceptance established
15.630912,winmm,0,0x20,0x0,0x0CEC,0x0CFE,13.992,False,False,Temporal association only; no game input acceptance established
15.684938,winmm,0,0x4,0x0,0x0CFE,,,False,True,Temporal association only; no game input acceptance established
15.706419,winmm,0,0x0,0x2,0x0CFE,,,False,True,Temporal association only; no game input acceptance established
15.813433,winmm,0,0x0,0x4,0x0CFE,,,False,True,Temporal association only; no game input acceptance established
15.823953,winmm,0,0x0,0x20,0x0CFE,,,False,True,Temporal association only; no game input acceptance established
15.889703,winmm,0,0x0,0x10,0x0CEE,,,False,True,Temporal association only; no game input acceptance established
16.695646,winmm,0,0x20,0x0,0x0CDB,0x0C61,62.223,False,False,Temporal association only; no game input acceptance established
16.762958,winmm,0,0x1,0x0,0x0C61,0x0C65,45.895,False,False,Temporal association only; no game input acceptance established
16.919963,winmm,0,0x0,0x1,0x0C64,0x0C61,110.211,True,False,Temporal association only; no game input acceptance established
16.98471,winmm,0,0x0,0x20,0x0C64,0x0C61,45.464,False,False,Temporal association only; no game input acceptance established
17.586683,winmm,0,0x20,0x0,0x0C61,0x0CDB,55.428,True,False,Temporal association only; no game input acceptance established
17.629079,winmm,0,0x2,0x0,0x0C61,0x0CDB,13.032,False,False,Temporal association only; no game input acceptance established
17.733112,winmm,0,0x10,0x0,0x0CDF,0x0CE7,23.182,False,False,Temporal association only; no game input acceptance established
17.767189,winmm,0,0x0,0x2,0x0CE7,0x0CCC,178.977,True,False,Temporal association only; no game input acceptance established
17.788984,winmm,0,0x0,0x20,0x0CE7,0x0CCC,157.182,True,False,Temporal association only; no game input acceptance established
17.922694,winmm,0,0x0,0x10,0x0CE7,0x0CCC,23.472,False,False,Temporal association only; no game input acceptance established
18.353576,winmm,0,0x10,0x0,0x0D8F,0x0CE7,27.694,False,False,Temporal association only; no game input acceptance established
18.481017,winmm,0,0x2,0x0,0x0CE8,0x0CFF,13.386,False,False,Temporal association only; no game input acceptance established
18.509955,winmm,0,0x20,0x0,0x0CFF,0x0CE7,184.524,True,False,Temporal association only; no game input acceptance established
18.575177,winmm,0,0x4,0x0,0x0CFF,0x0CE7,119.302,True,False,Temporal association only; no game input acceptance established
18.585268,winmm,0,0x0,0x2,0x0CFF,0x0CE7,109.211,True,False,Temporal association only; no game input acceptance established
18.682776,winmm,0,0x0,0x4,0x0CFF,0x0CE7,11.703,False,False,Temporal association only; no game input acceptance established
18.727678,winmm,0,0x0,0x20,0x0CEE,0x0CCC,79.112,True,False,Temporal association only; no game input acceptance established
18.793402,winmm,0,0x0,0x10,0x0CEE,0x0CCC,13.388,False,False,Temporal association only; no game input acceptance established
19.245178,winmm,0,0x10,0x0,0x0D8F,0x0CE7,12.773,False,False,Temporal association only; no game input acceptance established
19.344741,winmm,0,0x2,0x0,0x0CEC,0x0CFF,13.13,False,False,Temporal association only; no game input acceptance established
19.379297,winmm,0,0x20,0x0,0x0CFF,0x0CE7,184.452,True,False,Temporal association only; no game input acceptance established
19.432913,winmm,0,0x4,0x2,0x0CFF,0x0CE7,130.836,True,False,Temporal association only; no game input acceptance established
19.53942,winmm,0,0x0,0x4,0x0CFF,0x0CE7,24.329,False,False,Temporal association only; no game input acceptance established
19.583531,winmm,0,0x0,0x20,0x0CED,0x0CFF,206.05,True,False,Temporal association only; no game input acceptance established
19.768758,winmm,0,0x2,0x0,0x0CED,0x0CFF,20.823,False,False,Temporal association only; no game input acceptance established
19.789694,winmm,0,0x20,0x0,0x0CFF,0x0D91,357.96,True,False,Temporal association only; no game input acceptance established
19.831535,winmm,0,0x4,0x0,0x0CFF,0x0D91,316.119,True,False,Temporal association only; no game input acceptance established
19.842532,winmm,0,0x0,0x2,0x0CFF,0x0D91,305.122,True,False,Temporal association only; no game input acceptance established
19.942409,winmm,0,0x0,0x4,0x0CFF,0x0D91,205.245,True,False,Temporal association only; no game input acceptance established
20.000733,winmm,0,0x0,0x10,0x0CFF,0x0D91,146.921,True,False,Temporal association only; no game input acceptance established
20.011733,winmm,0,0x0,0x20,0x0CFF,0x0D91,135.921,False,False,Temporal association only; no game input acceptance established
21.280079,winmm,0,0x10,0x0,0x0D90,0x0CE7,14.289,False,False,Temporal association only; no game input acceptance established
21.444149,winmm,0,0x2,0x0,0x0CEE,0x0D00,23.013,False,False,Temporal association only; no game input acceptance established
21.467259,winmm,0,0x20,0x0,0x0D00,0x0CE7,196.201,True,False,Temporal association only; no game input acceptance established
21.541214,winmm,0,0x4,0x0,0x0D00,0x0CE7,122.246,True,False,Temporal association only; no game input acceptance established
21.551721,winmm,0,0x0,0x2,0x0D00,0x0CE7,111.739,True,False,Temporal association only; no game input acceptance established
21.639743,winmm,0,0x0,0x4,0x0D00,0x0CE7,23.717,False,False,Temporal association only; no game input acceptance established
21.686516,winmm,0,0x0,0x10,0x0CEE,,,False,True,Temporal association only; no game input acceptance established
21.707763,winmm,0,0x0,0x20,0x0CEE,,,False,True,Temporal association only; no game input acceptance established
21.916472,winmm,0,0x2,0x0,0x0D91,0x0D8F,152.356,False,False,Temporal association only; no game input acceptance established
22.403592,winmm,0,0x1,0x0,0x0D70,0x0CFC,13.849,False,False,Temporal association only; no game input acceptance established
22.499345,winmm,0,0x0,0x2,0x0CFC,0x0D07,251.547,True,False,Temporal association only; no game input acceptance established
22.531862,winmm,0,0x0,0x1,0x0CFC,0x0D07,219.03,True,False,Temporal association only; no game input acceptance established
22.628445,winmm,0,0x10,0x0,0x0CFC,0x0D07,122.447,True,False,Temporal association only; no game input acceptance established
22.735364,winmm,0,0x2,0x0,0x0CFC,0x0D07,15.528,False,False,Temporal association only; no game input acceptance established
22.767883,winmm,0,0x0,0x10,0x0D07,0x0D90,335.234,False,False,Temporal association only; no game input acceptance established
23.219252,winmm,0,0x0,0x2,0x0D70,0x0D8F,14.823,False,False,Temporal association only; no game input acceptance established
23.345072,winmm,0,0x10,0x0,0x0D92,,,False,True,Temporal association only; no game input acceptance established
23.481524,winmm,0,0x2,0x0,0x0CED,0x0CFF,13.462,False,False,Temporal association only; no game input acceptance established
23.505513,winmm,0,0x20,0x0,0x0CFF,0x0CE7,196.355,True,False,Temporal association only; no game input acceptance established
23.559413,winmm,0,0x4,0x0,0x0CFF,0x0CE7,142.455,True,False,Temporal association only; no game input acceptance established
23.569924,winmm,0,0x0,0x2,0x0CFF,0x0CE7,131.944,True,False,Temporal association only; no game input acceptance established
23.656665,winmm,0,0x0,0x4,0x0CFF,0x0CE7,45.203,False,False,Temporal association only; no game input acceptance established
23.701976,winmm,0,0x0,0x10,0x0CE7,0x0CCC,14.846,False,False,Temporal association only; no game input acceptance established
23.72757,winmm,0,0x0,0x20,0x0CCC,0x0D91,10.603,False,False,Temporal association only; no game input acceptance established
24.33095,winmm,0,0x10,0x0,0x0CE7,0x0CEE,24.4,False,False,Temporal association only; no game input acceptance established
24.451768,winmm,0,0x2,0x0,0x0CEE,0x0D00,17.859,False,False,Temporal association only; no game input acceptance established
24.479784,winmm,0,0x20,0x0,0x0D00,0x0CE7,187.324,True,False,Temporal association only; no game input acceptance established
24.512787,winmm,0,0x4,0x2,0x0D00,0x0CE7,154.321,True,False,Temporal association only; no game input acceptance established
24.630948,winmm,0,0x0,0x4,0x0D00,0x0CE7,36.16,False,False,Temporal association only; no game input acceptance established
24.667225,winmm,0,0x0,0x10,0x0CE7,0x0CCC,21.11,False,False,Temporal association only; no game input acceptance established
24.688428,winmm,0,0x0,0x20,0x0CCC,0x0D8F,10.49,False,False,Temporal association only; no game input acceptance established
24.926244,winmm,0,0x20,0x0,0x0D92,0x0D90,51.993,False,False,Temporal association only; no game input acceptance established
24.978372,winmm,0,0x1,0x0,0x0D90,0x0D88,29.99,False,False,Temporal association only; no game input acceptance established
25.151631,winmm,0,0x0,0x1,0x0D88,0x0C62,849.446,True,False,Temporal association only; no game input acceptance established
25.183658,winmm,0,0x0,0x20,0x0D88,0x0C62,817.419,False,False,Temporal association only; no game input acceptance established
26.604764,winmm,0,0x10,0x0,0x0D89,0x0C7F,14.949,False,False,Temporal association only; no game input acceptance established
27.065533,winmm,0,0x2,0x0,0x0C74,0x0C84,24.071,False,False,Temporal association only; no game input acceptance established
27.236031,winmm,0,0x0,0x2,0x0C84,0x0C6E,204.117,False,False,Temporal association only; no game input acceptance established
27.794664,winmm,0,0x2,0x0,0x0C73,0x0C83,26.588,False,False,Temporal association only; no game input acceptance established
27.923605,winmm,0,0x0,0x2,0x0C83,0x0C6E,243.702,False,False,Temporal association only; no game input acceptance established
28.178198,winmm,0,0x0,0x10,0x0C6E,,,False,True,Temporal association only; no game input acceptance established
28.930286,winmm,0,0x20,0x0,0x0D89,0x0D91,67.996,True,False,Temporal association only; no game input acceptance established
28.976252,winmm,0,0x2,0x0,0x0D89,0x0D91,22.03,False,False,Temporal association only; no game input acceptance established
29.150933,winmm,0,0x0,0x22,0x0D91,0x0D8F,255.564,False,False,Temporal association only; no game input acceptance established
29.943389,winmm,0,0x10,0x0,0x0D92,0x0CE7,12.108,False,False,Temporal association only; no game input acceptance established
