t,object,provisional_role,descriptor,word0_hex,matches_preceding_state,payload,payload_key_i16,flags_u64,flag_bit34,flag_bit35,related_key_i16,transition_table,slice_start,slice_count,entries_requested,entries_omitted
0.043534,0x24390fbc910,boss_candidate,0x24390c83600,0x05F3,True,0x2439046c020,1523,0x10012c00000,False,False,-1,0x24390f54748,3151,9,9,0
0.051183,0x24390fbe390,player_candidate,0x24390afd1f0,0x0C58,True,0x243903211b0,3160,0x1acc0000,False,False,-1,0x24390d4a588,306,55,0,55
0.20458,0x24390fbe390,player_candidate,0x24390afcc40,0x0C52,True,0x24390320ce0,3154,0x13c20000,False,False,-1,0x24390d4a588,0,44,0,44
3.596509,0x24390fbe390,player_candidate,0x24390b03780,0x0CD1,True,0x243903267a0,3281,0x1acc0000,False,False,-1,0x24390d4a588,5233,55,0,55
3.800114,0x24390fbe390,player_candidate,0x24390afd120,0x0C57,True,0x24390321100,3159,0x1acc0000,False,False,-1,0x24390d4a588,251,55,0,55
3.94762,0x24390fbe390,player_candidate,0x24390b0f400,0x0D8B,True,0x24390330720,3467,0x40013c00000,False,False,-1,0x24390d4a588,12977,51,0,51
4.156455,0x24390fbe390,player_candidate,0x24390b0f740,0x0D8F,True,0x243903309e0,3471,0x40013c00000,False,False,-1,0x24390d4a588,13181,51,0,51
4.72198,0x24390fbe390,player_candidate,0x24390b0d930,0x0D70,True,0x2439032f070,3440,0x40005c00000,False,False,-1,0x24390d4a588,11682,34,0,34
5.00558,0x24390fbe390,player_candidate,0x24390b03fa0,0x0CDB,True,0x24390326e80,3291,0x40017c00000,False,False,-1,0x24390d4a588,5701,47,0,47
5.084904,0x24390fbe390,player_candidate,0x24390b042e0,0x0CDF,True,0x24390327140,3295,0x13c20000,False,False,-1,0x24390d4a588,5889,42,0,42
5.127922,0x24390fbc910,boss_candidate,0x24390c7a700,0x0008,True,0x2439046ed80,8,0x40017c00000,False,False,-1,0x24390f54748,135,41,41,0
5.560648,0x24390fbe390,player_candidate,0x24390b03d30,0x0CD8,True,0x24390326c70,3288,0x40017c00000,False,False,-1,0x24390d4a588,5579,44,0,44
5.637324,0x24390fbe390,player_candidate,0x24390afd6d0,0x0C5E,True,0x243903215d0,3166,0x40017c00000,False,False,-1,0x24390d4a588,599,44,0,44
5.882859,0x24390fbe390,player_candidate,0x24390aff270,0x0C7F,True,0x24390322d30,3199,0x12400000,False,False,-1,0x24390d4a588,1970,39,0,39
5.898455,0x24390fbe390,player_candidate,0x24390afe710,0x0C72,True,0x24390322390,3186,0x40017400000,False,False,-1,0x24390d4a588,1413,36,0,36
5.985146,0x24390fbc910,boss_candidate,0x24390c7aa40,0x0000,True,0x2439046eac0,0,0x13c20000,False,False,-1,0x24390f54748,0,40,40,0
6.005343,0x24390fbc910,boss_candidate,0x24390c7be90,0x0C64,True,0x24390468450,3172,0x184c0000,False,False,-1,0x24390f54748,726,28,28,0
6.112574,0x24390fbe390,player_candidate,0x24390afe3d0,0x0C6E,True,0x243903220d0,3182,0x1bc00000,False,False,-1,0x24390d4a588,1291,36,0,36
6.339344,0x24390fbe390,player_candidate,0x24390afe7e0,0x0C73,True,0x24390322440,3187,0x40017400000,False,False,-1,0x24390d4a588,1449,36,0,36
6.555922,0x24390fbe390,player_candidate,0x24390afe8b0,0x0C74,True,0x243903224f0,3188,0x40017400000,False,False,-1,0x24390d4a588,1485,36,0,36
6.85692,0x24390fbe390,player_candidate,0x24390aff5b0,0x0C82,True,0x24390322ff0,3202,0x80112080000,False,False,-1,0x24390d4a588,2123,42,0,42
7.827543,0x24390fbc910,boss_candidate,0x24390c7b0c0,0x001F,True,0x2439046ea10,31,0x801120c0000,False,False,-1,0x24390f54748,482,28,28,0
7.853785,0x24390fbe390,player_candidate,0x24390afda10,0x0C62,True,0x24390321890,3170,0x40017c00000,False,False,-1,0x24390d4a588,770,47,0,47
8.171379,0x24390fbe390,player_candidate,0x24390b04070,0x0CDC,True,0x24390326f30,3292,0x40017c00000,False,False,-1,0x24390d4a588,5748,47,0,47
8.190731,0x24390fbe390,player_candidate,0x24390b0f810,0x0D90,True,0x24390330a90,3472,0x40013c00000,False,False,-1,0x24390d4a588,13232,51,0,51
8.799895,0x24390fbe390,player_candidate,0x24390b04480,0x0CE1,True,0x243903272a0,3297,0x13c20000,False,False,-1,0x24390d4a588,5973,42,0,42
9.272437,0x24390fbe390,player_candidate,0x24390b04960,0x0CE7,True,0x243903276c0,3303,0x1bc00000,False,False,-1,0x24390d4a588,6225,33,0,33
9.288708,0x24390fbe390,player_candidate,0x24390b04f10,0x0CEE,True,0x24390327b90,3310,0x40017400000,False,False,-1,0x24390d4a588,6441,34,0,34
9.354414,0x24390fbe390,player_candidate,0x24390b05e80,0x0D00,True,0x243903288a0,3328,0x80112080000,False,False,-1,0x24390d4a588,7215,42,0,42
9.790813,0x24390fbc910,boss_candidate,0x24390c7bf60,0x0C65,True,0x24390468500,3173,0x184c0000,False,False,-1,0x24390f54748,754,24,24,0
9.961159,0x24390fbe390,player_candidate,0x24390b04d70,0x0CEC,True,0x24390327a30,3308,0x40017400000,False,False,-1,0x24390d4a588,6373,34,0,34
10.086253,0x24390fbe390,player_candidate,0x24390b032a0,0x0CCC,True,0x24390326380,3276,0x13c20000,False,False,-1,0x24390d4a588,4990,43,0,43
10.323994,0x24390fbe390,player_candidate,0x24390b04140,0x0CDD,True,0x24390326fe0,3293,0x40017c00000,False,False,-1,0x24390d4a588,5795,47,0,47
12.026965,0x24390fbc910,boss_candidate,0x24390c7b9b0,0x0C5E,True,0x24390468030,3166,0x184c0000,False,False,-1,0x24390f54748,643,13,13,0
12.475324,0x24390fbe390,player_candidate,0x24390b0f8e0,0x0D91,True,0x24390330b40,3473,0x40013c00000,False,False,-1,0x24390d4a588,13283,51,0,51
13.049017,0x24390fbe390,player_candidate,0x24390b04bd0,0x0CEA,True,0x243903278d0,3306,0x1a080000,False,False,-1,0x24390d4a588,6299,37,0,37
13.70076,0x24390fbe390,player_candidate,0x24390b04210,0x0CDE,True,0x24390327090,3294,0x40017c00000,False,False,-1,0x24390d4a588,5842,47,0,47
13.750773,0x24390fbe390,player_candidate,0x24390b0f9b0,0x0D92,True,0x24390330bf0,3474,0x40013c00000,False,False,-1,0x24390d4a588,13334,51,0,51
14.462406,0x24390fbe390,player_candidate,0x24390b0a940,0x0D44,True,0x2439032c7e0,3396,0x13c20000,False,False,-1,0x24390d4a588,9556,40,0,40
15.652318,0x24390fbe390,player_candidate,0x24390b05ce0,0x0CFE,True,0x24390328740,3326,0x80112080000,False,False,-1,0x24390d4a588,7131,42,0,42
16.357529,0x24390fbe390,player_candidate,0x24390b047c0,0x0CE5,True,0x24390327560,3301,0x13c20000,False,False,-1,0x24390d4a588,6141,42,0,42
16.566731,0x24390fbc910,boss_candidate,0x24390c7a3c0,0x0C54,True,0x2439046e3e0,3156,0x40017c00000,False,False,-1,0x24390f54748,299,41,41,0
16.762823,0x24390fbe390,player_candidate,0x24390afd940,0x0C61,True,0x243903217e0,3169,0x40017c00000,False,False,-1,0x24390d4a588,723,47,0,47
16.814511,0x24390fbe390,player_candidate,0x24390afdc80,0x0C65,True,0x24390321aa0,3173,0x13c20000,False,False,-1,0x24390d4a588,911,43,0,43
16.88733,0x24390fbe390,player_candidate,0x24390afdbb0,0x0C64,True,0x243903219f0,3172,0x40017c00000,False,False,-1,0x24390d4a588,864,47,0,47
17.064619,0x24390fbe390,player_candidate,0x24390b0f0c0,0x0D87,True,0x24390330460,3463,0x40013c00000,False,False,-1,0x24390d4a588,12769,52,0,52
18.125882,0x24390fbc910,boss_candidate,0x24390c7b330,0x0021,True,0x2439046df10,33,0x801120c0000,False,False,-1,0x24390f54748,537,20,20,0
18.397824,0x24390fbe390,player_candidate,0x24390b04fe0,0x0CEF,True,0x24390327c40,3311,0x40017400000,False,False,-1,0x24390d4a588,6475,34,0,34
18.448816,0x24390fbe390,player_candidate,0x24390b04a30,0x0CE8,True,0x24390327770,3304,0x1bc00000,False,False,-1,0x24390d4a588,6258,33,0,33
18.499697,0x24390fbe390,player_candidate,0x24390b05db0,0x0CFF,True,0x243903287f0,3327,0x80112080000,False,False,-1,0x24390d4a588,7173,42,0,42
18.929851,0x24390fbc910,boss_candidate,0x24390c7bc20,0x0C61,True,0x24390468240,3169,0x184c0000,False,False,-1,0x24390f54748,682,14,14,0
19.474613,0x24390fbc910,boss_candidate,0x24390c7bcf0,0x0C62,True,0x243904682f0,3170,0x184c0000,False,False,-1,0x24390f54748,696,14,14,0
19.583405,0x24390fbe390,player_candidate,0x24390b04e40,0x0CED,True,0x24390327ae0,3309,0x40017400000,False,False,-1,0x24390d4a588,6407,34,0,34
19.789472,0x24390fbc910,boss_candidate,0x24390c7bdc0,0x0C63,True,0x243904683a0,3171,0x184c0000,False,False,-1,0x24390f54748,710,16,16,0
20.937511,0x24390fbc910,boss_candidate,0x24390c7c2a0,0x0C69,True,0x243904687c0,3177,0x594c0000,False,False,-1,0x24390f54748,844,13,13,0
22.125762,0x24390fbe390,player_candidate,0x24390b0c000,0x0D5E,False,0x2439032db20,3422,0x40017c00000,False,False,-1,0x24390d4a588,10656,37,0,37
22.424681,0x24390fbe390,player_candidate,0x24390b05b40,0x0CFC,True,0x243903285e0,3324,0x8000000594c0000,False,False,-1,0x24390d4a588,7051,40,0,40
22.757234,0x24390fbe390,player_candidate,0x24390b06430,0x0D07,True,0x24390328d70,3335,0x80112080000,False,False,-1,0x24390d4a588,7493,42,0,42
23.119613,0x24390fbe390,player_candidate,0x24390b0c000,0x0D5E,True,0x2439032db20,3422,0x40017c00000,False,False,-1,0x24390d4a588,10656,37,0,37
25.01699,0x24390fbe390,player_candidate,0x24390b0f190,0x0D88,True,0x24390330510,3464,0x40013c00000,False,False,-1,0x24390d4a588,12821,52,0,52
26.060538,0x24390fbe390,player_candidate,0x24390afde20,0x0C67,True,0x24390321c00,3175,0x13c20000,False,False,-1,0x24390d4a588,997,43,0,43
26.112393,0x24390fbe390,player_candidate,0x24390afdae0,0x0C63,True,0x24390321940,3171,0x40017c00000,False,False,-1,0x24390d4a588,817,47,0,47
26.172318,0x24390fbe390,player_candidate,0x24390b0f260,0x0D89,True,0x243903305c0,3465,0x40013c00000,False,False,-1,0x24390d4a588,12873,52,0,52
27.097197,0x24390fbe390,player_candidate,0x24390aff750,0x0C84,True,0x24390323150,3204,0x80112080000,False,False,-1,0x24390d4a588,2207,42,0,42
27.826583,0x24390fbe390,player_candidate,0x24390aff680,0x0C83,True,0x243903230a0,3203,0x80112080000,False,False,-1,0x24390d4a588,2165,42,0,42
28.024479,0x24390fbc910,boss_candidate,0x24390c7a2f0,0x0C55,True,0x2439046e490,3157,0x40017c00000,False,False,-1,0x24390f54748,340,41,41,0
