t,event,subject,word0_hex,index,buttons_hex,pressed_hex,released_hex,note
0.000656,input,winmm:0,,,0x0,unknown,unknown,OS observation; button function uncalibrated
0.033125,action,boss_candidate:0x24390fbc910,0x05F3,1,,,,candidate record word; sampled transition
0.043604,action,player_candidate:0x24390fbe390,0x0C58,0,,,,candidate record word; sampled transition
0.051317,sampling_gap,all_streams,,,,,,50.888 ms sampling gap
0.051343,input,winmm:0,,,0x22,0x22,0x0,OS observation; button function uncalibrated
0.062308,input,winmm:0,,,0x22,0x0,0x0,OS observation; button function uncalibrated
0.094673,input,winmm:0,,,0x22,0x0,0x0,OS observation; button function uncalibrated
0.162255,input,winmm:0,,,0x20,0x0,0x2,OS observation; button function uncalibrated
0.173273,input,winmm:0,,,0x21,0x1,0x0,OS observation; button function uncalibrated
0.197265,action,player_candidate:0x24390fbe390,0x0C52,0,,,,candidate record word; sampled transition
0.37586,input,winmm:0,,,0x20,0x0,0x1,OS observation; button function uncalibrated
0.407713,input,winmm:0,,,0x22,0x2,0x0,OS observation; button function uncalibrated
0.419782,action,player_candidate:0x24390fbe390,0x0C58,0,,,,candidate record word; sampled transition
0.593249,input,winmm:0,,,0x20,0x0,0x2,OS observation; button function uncalibrated
0.636771,input,winmm:0,,,0x20,0x0,0x0,OS observation; button function uncalibrated
0.646992,input,winmm:0,,,0x20,0x0,0x0,OS observation; button function uncalibrated
0.658009,input,winmm:0,,,0x21,0x1,0x0,OS observation; button function uncalibrated
0.676545,action,player_candidate:0x24390fbe390,0x0C52,0,,,,candidate record word; sampled transition
0.819057,input,winmm:0,,,0x20,0x0,0x1,OS observation; button function uncalibrated
0.841072,input,winmm:0,,,0x20,0x0,0x0,OS observation; button function uncalibrated
0.855808,action,player_candidate:0x24390fbe390,0x0C58,0,,,,candidate record word; sampled transition
0.85591,input,winmm:0,,,0x22,0x2,0x0,OS observation; button function uncalibrated
1.011455,action,player_candidate:0x24390fbe390,0x0C52,0,,,,candidate record word; sampled transition
1.012141,input,winmm:0,,,0x23,0x1,0x0,OS observation; button function uncalibrated
1.033541,input,winmm:0,,,0x23,0x0,0x0,OS observation; button function uncalibrated
1.043788,input,winmm:0,,,0x21,0x0,0x2,OS observation; button function uncalibrated
1.054325,input,winmm:0,,,0x21,0x0,0x0,OS observation; button function uncalibrated
1.173035,input,winmm:0,,,0x21,0x0,0x0,OS observation; button function uncalibrated
1.183537,input,winmm:0,,,0x21,0x0,0x0,OS observation; button function uncalibrated
1.205571,input,winmm:0,,,0x20,0x0,0x1,OS observation; button function uncalibrated
1.23759,input,winmm:0,,,0x22,0x2,0x0,OS observation; button function uncalibrated
1.271404,action,player_candidate:0x24390fbe390,0x0C58,0,,,,candidate record word; sampled transition
1.271551,sampling_gap,all_streams,,,,,,33.963 ms sampling gap
1.271576,input,winmm:0,,,0x22,0x0,0x0,OS observation; button function uncalibrated
1.399529,input,winmm:0,,,0x20,0x0,0x2,OS observation; button function uncalibrated
1.493068,action,player_candidate:0x24390fbe390,0x0C52,0,,,,candidate record word; sampled transition
1.493205,input,winmm:0,,,0x21,0x1,0x0,OS observation; button function uncalibrated
1.541211,sampling_gap,all_streams,,,,,,47.975 ms sampling gap
1.5848,sampling_gap,all_streams,,,,,,43.588 ms sampling gap
1.635315,input,winmm:0,,,0x20,0x0,0x1,OS observation; button function uncalibrated
1.700514,action,player_candidate:0x24390fbe390,0x0C58,0,,,,candidate record word; sampled transition
1.700664,sampling_gap,all_streams,,,,,,31.824 ms sampling gap
1.700688,input,winmm:0,,,0x22,0x2,0x0,OS observation; button function uncalibrated
1.833265,sampling_gap,all_streams,,,,,,55.937 ms sampling gap
1.833364,input,winmm:0,,,0x23,0x1,0x0,OS observation; button function uncalibrated
1.889572,action,player_candidate:0x24390fbe390,0x0C52,0,,,,candidate record word; sampled transition
1.889727,sampling_gap,all_streams,,,,,,56.679 ms sampling gap
1.924812,input,winmm:0,,,0x21,0x0,0x2,OS observation; button function uncalibrated
1.980181,input,winmm:0,,,0x21,0x0,0x0,OS observation; button function uncalibrated
2.002781,input,winmm:0,,,0x21,0x0,0x0,OS observation; button function uncalibrated
2.057679,input,winmm:0,,,0x21,0x0,0x0,OS observation; button function uncalibrated
2.068178,input,winmm:0,,,0x20,0x0,0x1,OS observation; button function uncalibrated
2.078307,input,winmm:0,,,0x20,0x0,0x0,OS observation; button function uncalibrated
2.102144,input,winmm:0,,,0x22,0x2,0x0,OS observation; button function uncalibrated
2.134571,action,player_candidate:0x24390fbe390,0x0C58,0,,,,candidate record word; sampled transition
2.1347,input,winmm:0,,,0x22,0x0,0x0,OS observation; button function uncalibrated
2.150402,input,winmm:0,,,0x22,0x0,0x0,OS observation; button function uncalibrated
2.361335,input,winmm:0,,,0x23,0x1,0x0,OS observation; button function uncalibrated
2.375374,action,player_candidate:0x24390fbe390,0x0C52,0,,,,candidate record word; sampled transition
2.375488,input,winmm:0,,,0x23,0x0,0x0,OS observation; button function uncalibrated
2.385567,input,winmm:0,,,0x23,0x0,0x0,OS observation; button function uncalibrated
2.396561,input,winmm:0,,,0x21,0x0,0x2,OS observation; button function uncalibrated
2.429105,input,winmm:0,,,0x21,0x0,0x0,OS observation; button function uncalibrated
2.450336,input,winmm:0,,,0x21,0x0,0x0,OS observation; button function uncalibrated
2.482845,input,winmm:0,,,0x21,0x0,0x0,OS observation; button function uncalibrated
2.493842,input,winmm:0,,,0x21,0x0,0x0,OS observation; button function uncalibrated
2.504862,input,winmm:0,,,0x21,0x0,0x0,OS observation; button function uncalibrated
2.525875,input,winmm:0,,,0x21,0x0,0x0,OS observation; button function uncalibrated
2.5472,input,winmm:0,,,0x20,0x0,0x1,OS observation; button function uncalibrated
2.558206,input,winmm:0,,,0x22,0x2,0x0,OS observation; button function uncalibrated
2.583593,action,player_candidate:0x24390fbe390,0x0C58,0,,,,candidate record word; sampled transition
2.583717,input,winmm:0,,,0x22,0x0,0x0,OS observation; button function uncalibrated
2.62069,input,winmm:0,,,0x22,0x0,0x0,OS observation; button function uncalibrated
2.630708,input,winmm:0,,,0x22,0x0,0x0,OS observation; button function uncalibrated
2.684578,input,winmm:0,,,0x22,0x0,0x0,OS observation; button function uncalibrated
2.705933,input,winmm:0,,,0x22,0x0,0x0,OS observation; button function uncalibrated
2.758997,input,winmm:0,,,0x22,0x0,0x0,OS observation; button function uncalibrated
2.77,input,winmm:0,,,0x22,0x0,0x0,OS observation; button function uncalibrated
2.811563,input,winmm:0,,,0x23,0x1,0x0,OS observation; button function uncalibrated
2.825877,action,player_candidate:0x24390fbe390,0x0C52,0,,,,candidate record word; sampled transition
2.846897,input,winmm:0,,,0x23,0x0,0x0,OS observation; button function uncalibrated
2.857916,input,winmm:0,,,0x21,0x0,0x2,OS observation; button function uncalibrated
2.889936,input,winmm:0,,,0x21,0x0,0x0,OS observation; button function uncalibrated
2.91193,input,winmm:0,,,0x21,0x0,0x0,OS observation; button function uncalibrated
2.951287,input,winmm:0,,,0x21,0x0,0x0,OS observation; button function uncalibrated
2.962272,input,winmm:0,,,0x21,0x0,0x0,OS observation; button function uncalibrated
3.002348,input,winmm:0,,,0x20,0x0,0x1,OS observation; button function uncalibrated
3.067424,input,winmm:0,,,0x22,0x2,0x0,OS observation; button function uncalibrated
3.07834,input,winmm:0,,,0x22,0x0,0x0,OS observation; button function uncalibrated
3.095471,action,player_candidate:0x24390fbe390,0x0C58,0,,,,candidate record word; sampled transition
3.148723,input,winmm:0,,,0x20,0x0,0x2,OS observation; button function uncalibrated
3.439203,input,winmm:0,,,0x20,0x0,0x0,OS observation; button function uncalibrated
3.449691,input,winmm:0,,,0x20,0x0,0x0,OS observation; button function uncalibrated
3.591417,action,player_candidate:0x24390fbe390,0x0CD1,0,,,,candidate record word; sampled transition
3.596626,input,winmm:0,,,0x21,0x1,0x0,OS observation; button function uncalibrated
3.736828,input,winmm:0,,,0x20,0x0,0x1,OS observation; button function uncalibrated
3.779339,input,winmm:0,,,0x28,0x8,0x0,OS observation; button function uncalibrated
3.793927,action,player_candidate:0x24390fbe390,0x0C57,0,,,,candidate record word; sampled transition
3.821344,input,winmm:0,,,0x28,0x0,0x0,OS observation; button function uncalibrated
3.843355,input,winmm:0,,,0x28,0x0,0x0,OS observation; button function uncalibrated
3.865371,input,winmm:0,,,0x28,0x0,0x0,OS observation; button function uncalibrated
3.875852,input,winmm:0,,,0x28,0x0,0x0,OS observation; button function uncalibrated
3.886873,input,winmm:0,,,0x28,0x0,0x0,OS observation; button function uncalibrated
3.897355,input,winmm:0,,,0x28,0x0,0x0,OS observation; button function uncalibrated
3.929729,input,winmm:0,,,0x20,0x0,0x8,OS observation; button function uncalibrated
3.942778,action,player_candidate:0x24390fbe390,0x0D8B,0,,,,candidate record word; sampled transition
4.093407,input,winmm:0,,,0x20,0x0,0x0,OS observation; button function uncalibrated
4.125916,input,winmm:0,,,0x22,0x2,0x0,OS observation; button function uncalibrated
4.149369,action,player_candidate:0x24390fbe390,0x0D8F,0,,,,candidate record word; sampled transition
4.156571,input,winmm:0,,,0x22,0x0,0x0,OS observation; button function uncalibrated
4.192508,input,winmm:0,,,0x22,0x0,0x0,OS observation; button function uncalibrated
4.203444,input,winmm:0,,,0x20,0x0,0x2,OS observation; button function uncalibrated
4.234849,input,winmm:0,,,0x20,0x0,0x0,OS observation; button function uncalibrated
4.256347,input,winmm:0,,,0x20,0x0,0x0,OS observation; button function uncalibrated
4.299735,input,winmm:0,,,0x0,0x0,0x20,OS observation; button function uncalibrated
4.310742,input,winmm:0,,,0x0,0x0,0x0,OS observation; button function uncalibrated
4.320943,input,winmm:0,,,0x0,0x0,0x0,OS observation; button function uncalibrated
4.494469,input,winmm:0,,,0x2,0x2,0x0,OS observation; button function uncalibrated
4.593229,input,winmm:0,,,0x2,0x0,0x0,OS observation; button function uncalibrated
4.613793,input,winmm:0,,,0x2,0x0,0x0,OS observation; button function uncalibrated
4.656729,input,winmm:0,,,0x2,0x0,0x0,OS observation; button function uncalibrated
4.678752,input,winmm:0,,,0x2,0x0,0x0,OS observation; button function uncalibrated
4.703302,snapshot_race,0x24390fbe390,,,,,,Observation gap; continuity unknown
4.715075,action,player_candidate:0x24390fbe390,0x0D70,0,,,,candidate record word; sampled transition
4.732751,input,winmm:0,,,0x2,0x0,0x0,OS observation; button function uncalibrated
4.754147,input,winmm:0,,,0x2,0x0,0x0,OS observation; button function uncalibrated
4.796845,input,winmm:0,,,0x2,0x0,0x0,OS observation; button function uncalibrated
4.818359,input,winmm:0,,,0x2,0x0,0x0,OS observation; button function uncalibrated
4.862385,input,winmm:0,,,0x2,0x0,0x0,OS observation; button function uncalibrated
4.883881,input,winmm:0,,,0x0,0x0,0x2,OS observation; button function uncalibrated
4.900098,action,player_candidate:0x24390fbe390,0x0D8F,0,,,,candidate record word; sampled transition
4.900218,input,winmm:0,,,0x0,0x0,0x0,OS observation; button function uncalibrated
4.953584,input,winmm:0,,,0x0,0x0,0x0,OS observation; button function uncalibrated
4.964139,input,winmm:0,,,0x0,0x0,0x0,OS observation; button function uncalibrated
4.985662,input,winmm:0,,,0x0,0x0,0x0,OS observation; button function uncalibrated
4.99939,action,player_candidate:0x24390fbe390,0x0CDB,0,,,,candidate record word; sampled transition
5.005734,input,winmm:0,,,0x0,0x0,0x0,OS observation; button function uncalibrated
5.016169,input,winmm:0,,,0x0,0x0,0x0,OS observation; button function uncalibrated
5.027177,input,winmm:0,,,0x0,0x0,0x0,OS observation; button function uncalibrated
5.038083,input,winmm:0,,,0x0,0x0,0x0,OS observation; button function uncalibrated
5.072413,action,player_candidate:0x24390fbe390,0x0CDF,0,,,,candidate record word; sampled transition
5.085622,sampling_gap,all_streams,,,,,,47.567 ms sampling gap
5.085659,input,winmm:0,,,0x0,0x0,0x0,OS observation; button function uncalibrated
5.117553,action,boss_candidate:0x24390fbc910,0x0008,1,,,,candidate record word; sampled transition
5.128189,sampling_gap,all_streams,,,,,,42.591 ms sampling gap
5.128214,input,winmm:0,,,0x800,0x800,0x0,OS observation; button function uncalibrated
5.218343,input,winmm:0,,,0x0,0x0,0x800,OS observation; button function uncalibrated
5.250958,input,winmm:0,,,0x0,0x0,0x0,OS observation; button function uncalibrated
5.294503,input,winmm:0,,,0x0,0x0,0x0,OS observation; button function uncalibrated
5.30531,input,winmm:0,,,0x0,0x0,0x0,OS observation; button function uncalibrated
5.326818,input,winmm:0,,,0x0,0x0,0x0,OS observation; button function uncalibrated
5.423455,input,winmm:0,,,0x0,0x0,0x0,OS observation; button function uncalibrated
5.48797,input,winmm:0,,,0x0,0x0,0x0,OS observation; button function uncalibrated
5.529732,input,winmm:0,,,0x20,0x20,0x0,OS observation; button function uncalibrated
5.540745,input,winmm:0,,,0x20,0x0,0x0,OS observation; button function uncalibrated
5.553875,action,player_candidate:0x24390fbe390,0x0CD8,0,,,,candidate record word; sampled transition
5.603882,input,winmm:0,,,0x21,0x1,0x0,OS observation; button function uncalibrated
5.632457,action,player_candidate:0x24390fbe390,0x0C5E,0,,,,candidate record word; sampled transition
5.637441,input,winmm:0,,,0x21,0x0,0x0,OS observation; button function uncalibrated
5.647528,input,winmm:0,,,0x21,0x0,0x0,OS observation; button function uncalibrated
5.680633,input,winmm:0,,,0x21,0x0,0x0,OS observation; button function uncalibrated
5.734931,input,winmm:0,,,0x20,0x0,0x1,OS observation; button function uncalibrated
5.767825,input,winmm:0,,,0x20,0x0,0x0,OS observation; button function uncalibrated
5.789818,input,winmm:0,,,0x0,0x0,0x20,OS observation; button function uncalibrated
5.863845,input,winmm:0,,,0x10,0x10,0x0,OS observation; button function uncalibrated
5.875797,action,player_candidate:0x24390fbe390,0x0C7F,0,,,,candidate record word; sampled transition
5.882973,input,winmm:0,,,0x10,0x0,0x0,OS observation; button function uncalibrated
5.89315,action,player_candidate:0x24390fbe390,0x0C72,0,,,,candidate record word; sampled transition
5.908828,input,winmm:0,,,0x10,0x0,0x0,OS observation; button function uncalibrated
5.97862,action,boss_candidate:0x24390fbc910,0x0000,1,,,,candidate record word; sampled transition
5.997399,action,boss_candidate:0x24390fbc910,0x0C64,1,,,,candidate record word; sampled transition
6.005537,input,winmm:0,,,0x10,0x0,0x0,OS observation; button function uncalibrated
6.016096,input,winmm:0,,,0x10,0x0,0x0,OS observation; button function uncalibrated
6.037356,input,winmm:0,,,0x10,0x0,0x0,OS observation; button function uncalibrated
6.047531,input,winmm:0,,,0x10,0x0,0x0,OS observation; button function uncalibrated
6.060946,input,winmm:0,,,0x10,0x0,0x0,OS observation; button function uncalibrated
6.075716,input,winmm:0,,,0x10,0x0,0x0,OS observation; button function uncalibrated
6.085879,input,winmm:0,,,0x10,0x0,0x0,OS observation; button function uncalibrated
6.103732,action,player_candidate:0x24390fbe390,0x0C6E,0,,,,candidate record word; sampled transition
6.11312,input,winmm:0,,,0x10,0x0,0x0,OS observation; button function uncalibrated
6.135276,input,winmm:0,,,0x10,0x0,0x0,OS observation; button function uncalibrated
6.14545,input,winmm:0,,,0x810,0x800,0x0,OS observation; button function uncalibrated
6.15643,input,winmm:0,,,0x810,0x0,0x0,OS observation; button function uncalibrated
6.166954,input,winmm:0,,,0x810,0x0,0x0,OS observation; button function uncalibrated
6.188953,input,winmm:0,,,0x810,0x0,0x0,OS observation; button function uncalibrated
6.210958,input,winmm:0,,,0x810,0x0,0x0,OS observation; button function uncalibrated
6.221954,input,winmm:0,,,0x10,0x0,0x800,OS observation; button function uncalibrated
6.232947,input,winmm:0,,,0x10,0x0,0x0,OS observation; button function uncalibrated
6.243467,input,winmm:0,,,0x10,0x0,0x0,OS observation; button function uncalibrated
6.253688,input,winmm:0,,,0x10,0x0,0x0,OS observation; button function uncalibrated
6.264429,input,winmm:0,,,0x10,0x0,0x0,OS observation; button function uncalibrated
6.286769,input,winmm:0,,,0x10,0x0,0x0,OS observation; button function uncalibrated
6.29741,input,winmm:0,,,0x10,0x0,0x0,OS observation; button function uncalibrated
6.317959,input,winmm:0,,,0x10,0x0,0x0,OS observation; button function uncalibrated
6.332702,action,player_candidate:0x24390fbe390,0x0C73,0,,,,candidate record word; sampled transition
6.339466,input,winmm:0,,,0x10,0x0,0x0,OS observation; button function uncalibrated
6.349782,input,winmm:0,,,0x10,0x0,0x0,OS observation; button function uncalibrated
6.385526,input,winmm:0,,,0x10,0x0,0x0,OS observation; button function uncalibrated
6.395805,input,winmm:0,,,0x10,0x0,0x0,OS observation; button function uncalibrated
6.460788,input,winmm:0,,,0x10,0x0,0x0,OS observation; button function uncalibrated
6.550603,action,player_candidate:0x24390fbe390,0x0C74,0,,,,candidate record word; sampled transition
6.556109,input,winmm:0,,,0x10,0x0,0x0,OS observation; button function uncalibrated
6.576785,input,winmm:0,,,0x10,0x0,0x0,OS observation; button function uncalibrated
6.58779,input,winmm:0,,,0x10,0x0,0x0,OS observation; button function uncalibrated
6.5988,input,winmm:0,,,0x10,0x0,0x0,OS observation; button function uncalibrated
6.609303,input,winmm:0,,,0x10,0x0,0x0,OS observation; button function uncalibrated
6.619799,input,winmm:0,,,0x10,0x0,0x0,OS observation; button function uncalibrated
6.631956,action,player_candidate:0x24390fbe390,0x0C6E,0,,,,candidate record word; sampled transition
6.664164,input,winmm:0,,,0x10,0x0,0x0,OS observation; button function uncalibrated
6.685608,input,winmm:0,,,0x10,0x0,0x0,OS observation; button function uncalibrated
6.706954,input,winmm:0,,,0x10,0x0,0x0,OS observation; button function uncalibrated
6.721261,action,player_candidate:0x24390fbe390,0x0C72,0,,,,candidate record word; sampled transition
6.721388,input,winmm:0,,,0x10,0x0,0x0,OS observation; button function uncalibrated
6.731462,input,winmm:0,,,0x10,0x0,0x0,OS observation; button function uncalibrated
6.742425,input,winmm:0,,,0x10,0x0,0x0,OS observation; button function uncalibrated
6.753408,input,winmm:0,,,0x10,0x0,0x0,OS observation; button function uncalibrated
6.763565,input,winmm:0,,,0x10,0x0,0x0,OS observation; button function uncalibrated
6.838973,input,winmm:0,,,0x12,0x2,0x0,OS observation; button function uncalibrated
6.851652,action,player_candidate:0x24390fbe390,0x0C82,0,,,,candidate record word; sampled transition
6.867416,input,winmm:0,,,0x32,0x20,0x0,OS observation; button function uncalibrated
6.921004,input,winmm:0,,,0x36,0x4,0x0,OS observation; button function uncalibrated
6.931622,input,winmm:0,,,0x34,0x0,0x2,OS observation; button function uncalibrated
7.051883,action,player_candidate:0x24390fbe390,0x0C6E,0,,,,candidate record word; sampled transition
7.06771,action,player_candidate:0x24390fbe390,0x0C72,0,,,,candidate record word; sampled transition
7.06785,input,winmm:0,,,0x30,0x0,0x4,OS observation; button function uncalibrated
7.089202,input,winmm:0,,,0x10,0x0,0x20,OS observation; button function uncalibrated
7.110988,action,player_candidate:0x24390fbe390,0x0C74,0,,,,candidate record word; sampled transition
7.19671,input,winmm:0,,,0x10,0x0,0x0,OS observation; button function uncalibrated
7.262318,input,winmm:0,,,0x10,0x0,0x0,OS observation; button function uncalibrated
7.295382,input,winmm:0,,,0x10,0x0,0x0,OS observation; button function uncalibrated
7.306332,input,winmm:0,,,0x10,0x0,0x0,OS observation; button function uncalibrated
7.317079,input,winmm:0,,,0x10,0x0,0x0,OS observation; button function uncalibrated
7.328116,input,winmm:0,,,0x10,0x0,0x0,OS observation; button function uncalibrated
7.349272,input,winmm:0,,,0x10,0x0,0x0,OS observation; button function uncalibrated
7.359774,input,winmm:0,,,0x10,0x0,0x0,OS observation; button function uncalibrated
7.370258,input,winmm:0,,,0x10,0x0,0x0,OS observation; button function uncalibrated
7.381267,input,winmm:0,,,0x10,0x0,0x0,OS observation; button function uncalibrated
7.392281,input,winmm:0,,,0x10,0x0,0x0,OS observation; button function uncalibrated
7.411218,action,player_candidate:0x24390fbe390,0x0C6E,0,,,,candidate record word; sampled transition
7.422288,input,winmm:0,,,0x10,0x0,0x0,OS observation; button function uncalibrated
7.497357,input,winmm:0,,,0x10,0x0,0x0,OS observation; button function uncalibrated
7.540785,input,winmm:0,,,0x10,0x0,0x0,OS observation; button function uncalibrated
7.566188,action,player_candidate:0x24390fbe390,0x0C73,0,,,,candidate record word; sampled transition
7.566304,input,winmm:0,,,0x10,0x0,0x0,OS observation; button function uncalibrated
7.588259,input,winmm:0,,,0x10,0x0,0x0,OS observation; button function uncalibrated
7.62026,input,winmm:0,,,0x10,0x0,0x0,OS observation; button function uncalibrated
7.707744,input,winmm:0,,,0x10,0x0,0x0,OS observation; button function uncalibrated
7.750755,input,winmm:0,,,0x10,0x0,0x0,OS observation; button function uncalibrated
7.763871,action,boss_candidate:0x24390fbc910,0x0000,1,,,,candidate record word; sampled transition
7.764008,input,winmm:0,,,0x10,0x0,0x0,OS observation; button function uncalibrated
7.785781,input,winmm:0,,,0x10,0x0,0x0,OS observation; button function uncalibrated
7.82158,action,boss_candidate:0x24390fbc910,0x001F,1,,,,candidate record word; sampled transition
7.827662,action,player_candidate:0x24390fbe390,0x0C52,0,,,,candidate record word; sampled transition
7.827773,input,winmm:0,,,0x0,0x0,0x10,OS observation; button function uncalibrated
7.848728,action,player_candidate:0x24390fbe390,0x0C62,0,,,,candidate record word; sampled transition
8.105451,input,winmm:0,,,0x20,0x20,0x0,OS observation; button function uncalibrated
8.164831,action,player_candidate:0x24390fbe390,0x0CDC,0,,,,candidate record word; sampled transition
8.171489,input,winmm:0,,,0x22,0x2,0x0,OS observation; button function uncalibrated
8.184919,action,player_candidate:0x24390fbe390,0x0D90,0,,,,candidate record word; sampled transition
8.201738,input,winmm:0,,,0x22,0x0,0x0,OS observation; button function uncalibrated
8.296328,input,winmm:0,,,0x20,0x0,0x2,OS observation; button function uncalibrated
8.328371,input,winmm:0,,,0x20,0x0,0x0,OS observation; button function uncalibrated
8.339282,input,winmm:0,,,0x20,0x0,0x0,OS observation; button function uncalibrated
8.360802,input,winmm:0,,,0x20,0x0,0x0,OS observation; button function uncalibrated
8.371301,input,winmm:0,,,0x0,0x0,0x20,OS observation; button function uncalibrated
8.405569,action,boss_candidate:0x24390fbc910,0x0000,1,,,,candidate record word; sampled transition
8.428712,action,boss_candidate:0x24390fbc910,0x0C64,1,,,,candidate record word; sampled transition
8.428834,input,winmm:0,,,0x0,0x0,0x0,OS observation; button function uncalibrated
8.471615,input,winmm:0,,,0x0,0x0,0x0,OS observation; button function uncalibrated
8.66374,input,winmm:0,,,0x0,0x0,0x0,OS observation; button function uncalibrated
8.674758,input,winmm:0,,,0x0,0x0,0x0,OS observation; button function uncalibrated
8.685736,input,winmm:0,,,0x0,0x0,0x0,OS observation; button function uncalibrated
8.696195,input,winmm:0,,,0x0,0x0,0x0,OS observation; button function uncalibrated
8.707194,input,winmm:0,,,0x0,0x0,0x0,OS observation; button function uncalibrated
8.731469,action,player_candidate:0x24390fbe390,0x0CDC,0,,,,candidate record word; sampled transition
8.731623,input,winmm:0,,,0x0,0x0,0x0,OS observation; button function uncalibrated
8.741996,input,winmm:0,,,0x0,0x0,0x0,OS observation; button function uncalibrated
8.753084,input,winmm:0,,,0x0,0x0,0x0,OS observation; button function uncalibrated
8.763501,input,winmm:0,,,0x0,0x0,0x0,OS observation; button function uncalibrated
8.792602,action,player_candidate:0x24390fbe390,0x0CE1,0,,,,candidate record word; sampled transition
8.810507,input,winmm:0,,,0x0,0x0,0x0,OS observation; button function uncalibrated
9.036883,input,winmm:0,,,0x0,0x0,0x0,OS observation; button function uncalibrated
9.047085,input,winmm:0,,,0x0,0x0,0x0,OS observation; button function uncalibrated
9.057524,input,winmm:0,,,0x0,0x0,0x0,OS observation; button function uncalibrated
9.242432,input,winmm:0,,,0x10,0x10,0x0,OS observation; button function uncalibrated
9.267552,action,player_candidate:0x24390fbe390,0x0CE7,0,,,,candidate record word; sampled transition
9.272547,input,winmm:0,,,0x10,0x0,0x0,OS observation; button function uncalibrated
9.284199,action,player_candidate:0x24390fbe390,0x0CEE,0,,,,candidate record word; sampled transition
9.288825,input,winmm:0,,,0x10,0x0,0x0,OS observation; button function uncalibrated
9.298942,input,winmm:0,,,0x10,0x0,0x0,OS observation; button function uncalibrated
9.320974,input,winmm:0,,,0x10,0x0,0x0,OS observation; button function uncalibrated
9.331953,input,winmm:0,,,0x12,0x2,0x0,OS observation; button function uncalibrated
9.3486,action,player_candidate:0x24390fbe390,0x0D00,0,,,,candidate record word; sampled transition
9.364962,input,winmm:0,,,0x32,0x20,0x0,OS observation; button function uncalibrated
9.444536,input,winmm:0,,,0x34,0x4,0x2,OS observation; button function uncalibrated
9.503232,input,winmm:0,,,0x30,0x0,0x4,OS observation; button function uncalibrated
9.552158,action,player_candidate:0x24390fbe390,0x0CE7,0,,,,candidate record word; sampled transition
9.564651,action,player_candidate:0x24390fbe390,0x0CEE,0,,,,candidate record word; sampled transition
9.564832,input,winmm:0,,,0x10,0x0,0x20,OS observation; button function uncalibrated
9.716082,input,winmm:0,,,0x12,0x2,0x0,OS observation; button function uncalibrated
9.739149,action,player_candidate:0x24390fbe390,0x0D00,0,,,,candidate record word; sampled transition
9.760311,input,winmm:0,,,0x32,0x20,0x0,OS observation; button function uncalibrated
9.784707,action,boss_candidate:0x24390fbc910,0x0C65,1,,,,candidate record word; sampled transition
9.791041,input,winmm:0,,,0x36,0x4,0x0,OS observation; button function uncalibrated
9.801338,input,winmm:0,,,0x34,0x0,0x2,OS observation; button function uncalibrated
9.889278,input,winmm:0,,,0x34,0x0,0x0,OS observation; button function uncalibrated
9.903206,input,winmm:0,,,0x30,0x0,0x4,OS observation; button function uncalibrated
9.915553,input,winmm:0,,,0x30,0x0,0x0,OS observation; button function uncalibrated
9.93411,action,player_candidate:0x24390fbe390,0x0CE7,0,,,,candidate record word; sampled transition
9.951365,action,player_candidate:0x24390fbe390,0x0CEC,0,,,,candidate record word; sampled transition
9.961354,input,winmm:0,,,0x10,0x0,0x20,OS observation; button function uncalibrated
9.971468,input,winmm:0,,,0x10,0x0,0x0,OS observation; button function uncalibrated
10.067977,input,winmm:0,,,0x0,0x0,0x10,OS observation; button function uncalibrated
10.080665,action,player_candidate:0x24390fbe390,0x0CCC,0,,,,candidate record word; sampled transition
10.096131,action,player_candidate:0x24390fbe390,0x0D8F,0,,,,candidate record word; sampled transition
10.12927,input,winmm:0,,,0x0,0x0,0x0,OS observation; button function uncalibrated
10.139776,input,winmm:0,,,0x0,0x0,0x0,OS observation; button function uncalibrated
10.165187,input,winmm:0,,,0x0,0x0,0x0,OS observation; button function uncalibrated
10.186582,input,winmm:0,,,0x0,0x0,0x0,OS observation; button function uncalibrated
10.207863,input,winmm:0,,,0x0,0x0,0x0,OS observation; button function uncalibrated
10.241904,input,winmm:0,,,0x0,0x0,0x0,OS observation; button function uncalibrated
10.275277,input,winmm:0,,,0x0,0x0,0x0,OS observation; button function uncalibrated
10.300801,action,player_candidate:0x24390fbe390,0x0CDB,0,,,,candidate record word; sampled transition
10.30095,input,winmm:0,,,0x0,0x0,0x0,OS observation; button function uncalibrated
10.317144,action,player_candidate:0x24390fbe390,0x0CDD,0,,,,candidate record word; sampled transition
10.324136,input,winmm:0,,,0x0,0x0,0x0,OS observation; button function uncalibrated
10.345654,input,winmm:0,,,0x0,0x0,0x0,OS observation; button function uncalibrated
10.368125,input,winmm:0,,,0x0,0x0,0x0,OS observation; button function uncalibrated
10.378259,input,winmm:0,,,0x0,0x0,0x0,OS observation; button function uncalibrated
10.388986,input,winmm:0,,,0x0,0x0,0x0,OS observation; button function uncalibrated
10.399494,input,winmm:0,,,0x0,0x0,0x0,OS observation; button function uncalibrated
10.4481,action,player_candidate:0x24390fbe390,0x0CDC,0,,,,candidate record word; sampled transition
10.448212,input,winmm:0,,,0x0,0x0,0x0,OS observation; button function uncalibrated
10.458526,input,winmm:0,,,0x0,0x0,0x0,OS observation; button function uncalibrated
10.501527,input,winmm:0,,,0x0,0x0,0x0,OS observation; button function uncalibrated
10.53394,input,winmm:0,,,0x0,0x0,0x0,OS observation; button function uncalibrated
10.565984,input,winmm:0,,,0x0,0x0,0x0,OS observation; button function uncalibrated
10.598541,input,winmm:0,,,0x0,0x0,0x0,OS observation; button function uncalibrated
10.630039,input,winmm:0,,,0x0,0x0,0x0,OS observation; button function uncalibrated
10.662576,input,winmm:0,,,0x0,0x0,0x0,OS observation; button function uncalibrated
10.706439,input,winmm:0,,,0x0,0x0,0x0,OS observation; button function uncalibrated
10.749447,input,winmm:0,,,0x0,0x0,0x0,OS observation; button function uncalibrated
10.781989,input,winmm:0,,,0x0,0x0,0x0,OS observation; button function uncalibrated
10.814977,input,winmm:0,,,0x0,0x0,0x0,OS observation; button function uncalibrated
10.825963,input,winmm:0,,,0x20,0x20,0x0,OS observation; button function uncalibrated
10.839233,action,boss_candidate:0x24390fbc910,0x0000,1,,,,candidate record word; sampled transition
10.860498,input,winmm:0,,,0x20,0x0,0x0,OS observation; button function uncalibrated
10.878704,action,boss_candidate:0x24390fbc910,0x0008,1,,,,candidate record word; sampled transition
10.94305,input,winmm:0,,,0x20,0x0,0x0,OS observation; button function uncalibrated
10.954034,input,winmm:0,,,0x20,0x0,0x0,OS observation; button function uncalibrated
10.96818,action,player_candidate:0x24390fbe390,0x0D90,0,,,,candidate record word; sampled transition
10.979043,input,winmm:0,,,0x20,0x0,0x0,OS observation; button function uncalibrated
10.989534,input,winmm:0,,,0x20,0x0,0x0,OS observation; button function uncalibrated
11.053885,input,winmm:0,,,0x20,0x0,0x0,OS observation; button function uncalibrated
11.128805,input,winmm:0,,,0x20,0x0,0x0,OS observation; button function uncalibrated
11.160335,input,winmm:0,,,0x0,0x0,0x20,OS observation; button function uncalibrated
11.171334,input,winmm:0,,,0x0,0x0,0x0,OS observation; button function uncalibrated
11.214997,input,winmm:0,,,0x0,0x0,0x0,OS observation; button function uncalibrated
11.235965,input,winmm:0,,,0x0,0x0,0x0,OS observation; button function uncalibrated
11.267099,input,winmm:0,,,0x0,0x0,0x0,OS observation; button function uncalibrated
11.288615,input,winmm:0,,,0x0,0x0,0x0,OS observation; button function uncalibrated
11.320048,input,winmm:0,,,0x0,0x0,0x0,OS observation; button function uncalibrated
11.413395,action,boss_candidate:0x24390fbc910,0x001F,1,,,,candidate record word; sampled transition
11.522123,input,winmm:0,,,0x0,0x0,0x0,OS observation; button function uncalibrated
11.563852,input,winmm:0,,,0x0,0x0,0x0,OS observation; button function uncalibrated
11.660472,input,winmm:0,,,0x0,0x0,0x0,OS observation; button function uncalibrated
11.939389,input,winmm:0,,,0x0,0x0,0x0,OS observation; button function uncalibrated
11.949881,input,winmm:0,,,0x0,0x0,0x0,OS observation; button function uncalibrated
11.986817,action,boss_candidate:0x24390fbc910,0x0000,1,,,,candidate record word; sampled transition
11.986943,input,winmm:0,,,0x0,0x0,0x0,OS observation; button function uncalibrated
11.997405,input,winmm:0,,,0x0,0x0,0x0,OS observation; button function uncalibrated
12.022006,action,boss_candidate:0x24390fbc910,0x0C5E,1,,,,candidate record word; sampled transition
12.027069,action,player_candidate:0x24390fbe390,0x0CDC,0,,,,candidate record word; sampled transition
12.027484,input,winmm:0,,,0x0,0x0,0x0,OS observation; button function uncalibrated
12.037903,input,winmm:0,,,0x0,0x0,0x0,OS observation; button function uncalibrated
12.048907,input,winmm:0,,,0x0,0x0,0x0,OS observation; button function uncalibrated
12.059018,input,winmm:0,,,0x0,0x0,0x0,OS observation; button function uncalibrated
12.069523,input,winmm:0,,,0x0,0x0,0x0,OS observation; button function uncalibrated
12.07964,input,winmm:0,,,0x0,0x0,0x0,OS observation; button function uncalibrated
12.091921,action,player_candidate:0x24390fbe390,0x0CE1,0,,,,candidate record word; sampled transition
12.123901,input,winmm:0,,,0x0,0x0,0x0,OS observation; button function uncalibrated
12.240913,input,winmm:0,,,0x0,0x0,0x0,OS observation; button function uncalibrated
12.251923,input,winmm:0,,,0x0,0x0,0x0,OS observation; button function uncalibrated
12.262929,input,winmm:0,,,0x0,0x0,0x0,OS observation; button function uncalibrated
12.31594,input,winmm:0,,,0x0,0x0,0x0,OS observation; button function uncalibrated
12.359219,input,winmm:0,,,0x0,0x0,0x0,OS observation; button function uncalibrated
12.38018,input,winmm:0,,,0x0,0x0,0x0,OS observation; button function uncalibrated
12.404263,action,player_candidate:0x24390fbe390,0x0CDD,0,,,,candidate record word; sampled transition
12.404368,input,winmm:0,,,0x0,0x0,0x0,OS observation; button function uncalibrated
12.415328,input,winmm:0,,,0x0,0x0,0x0,OS observation; button function uncalibrated
12.446876,input,winmm:0,,,0x0,0x0,0x0,OS observation; button function uncalibrated
12.470813,action,player_candidate:0x24390fbe390,0x0D91,0,,,,candidate record word; sampled transition
12.475427,input,winmm:0,,,0x10,0x10,0x0,OS observation; button function uncalibrated
12.486325,action,player_candidate:0x24390fbe390,0x0CE7,0,,,,candidate record word; sampled transition
12.508831,action,player_candidate:0x24390fbe390,0x0CEE,0,,,,candidate record word; sampled transition
12.650265,input,winmm:0,,,0x0,0x0,0x10,OS observation; button function uncalibrated
12.674544,action,player_candidate:0x24390fbe390,0x0CCC,0,,,,candidate record word; sampled transition
12.674653,input,winmm:0,,,0x0,0x0,0x0,OS observation; button function uncalibrated
12.687966,action,player_candidate:0x24390fbe390,0x0D91,0,,,,candidate record word; sampled transition
12.688095,input,winmm:0,,,0x0,0x0,0x0,OS observation; button function uncalibrated
12.711887,snapshot_race,0x24390fbe390,,,,,,Observation gap; continuity unknown
12.712043,input,winmm:0,,,0x0,0x0,0x0,OS observation; button function uncalibrated
12.724541,action,player_candidate:0x24390fbe390,0x0D91,0,,,,candidate record word; sampled transition
12.724668,input,winmm:0,,,0x0,0x0,0x0,OS observation; button function uncalibrated
12.734629,action,player_candidate:0x24390fbe390,0x0CDD,0,,,,candidate record word; sampled transition
12.755799,input,winmm:0,,,0x0,0x0,0x0,OS observation; button function uncalibrated
12.766815,input,winmm:0,,,0x0,0x0,0x0,OS observation; button function uncalibrated
12.841531,input,winmm:0,,,0x10,0x10,0x0,OS observation; button function uncalibrated
12.855989,action,player_candidate:0x24390fbe390,0x0CE7,0,,,,candidate record word; sampled transition
12.856104,input,winmm:0,,,0x10,0x0,0x0,OS observation; button function uncalibrated
12.867964,action,player_candidate:0x24390fbe390,0x0CEE,0,,,,candidate record word; sampled transition
12.889392,input,winmm:0,,,0x10,0x0,0x0,OS observation; button function uncalibrated
12.89972,input,winmm:0,,,0x10,0x0,0x0,OS observation; button function uncalibrated
12.921232,input,winmm:0,,,0x10,0x0,0x0,OS observation; button function uncalibrated
12.955765,input,winmm:0,,,0x10,0x0,0x0,OS observation; button function uncalibrated
13.004891,input,winmm:0,,,0x10,0x0,0x0,OS observation; button function uncalibrated
13.015907,input,winmm:0,,,0x10,0x0,0x0,OS observation; button function uncalibrated
13.041731,action,player_candidate:0x24390fbe390,0x0CEA,0,,,,candidate record word; sampled transition
13.049137,input,winmm:0,,,0x12,0x2,0x0,OS observation; button function uncalibrated
13.072743,action,player_candidate:0x24390fbe390,0x0D00,0,,,,candidate record word; sampled transition
13.083165,input,winmm:0,,,0x32,0x20,0x0,OS observation; button function uncalibrated
13.168158,input,winmm:0,,,0x30,0x0,0x2,OS observation; button function uncalibrated
13.264344,input,winmm:0,,,0x20,0x0,0x10,OS observation; button function uncalibrated
13.275507,input,winmm:0,,,0x20,0x0,0x0,OS observation; button function uncalibrated
13.285539,input,winmm:0,,,0x0,0x0,0x20,OS observation; button function uncalibrated
13.306983,input,winmm:0,,,0x0,0x0,0x0,OS observation; button function uncalibrated
13.338985,input,winmm:0,,,0x0,0x0,0x0,OS observation; button function uncalibrated
13.427268,action,player_candidate:0x24390fbe390,0x0D91,0,,,,candidate record word; sampled transition
13.448457,input,winmm:0,,,0x0,0x0,0x0,OS observation; button function uncalibrated
13.502975,input,winmm:0,,,0x0,0x0,0x0,OS observation; button function uncalibrated
13.525765,action,player_candidate:0x24390fbe390,0x0CDD,0,,,,candidate record word; sampled transition
13.525863,input,winmm:0,,,0x0,0x0,0x0,OS observation; button function uncalibrated
13.536098,input,winmm:0,,,0x0,0x0,0x0,OS observation; button function uncalibrated
13.546682,input,winmm:0,,,0x0,0x0,0x0,OS observation; button function uncalibrated
13.576602,snapshot_race,0x24390fbe390,,,,,,Observation gap; continuity unknown
13.576741,sampling_gap,all_streams,,,,,,30.089 ms sampling gap
13.576767,input,winmm:0,,,0x0,0x0,0x0,OS observation; button function uncalibrated
13.600549,action,player_candidate:0x24390fbe390,0x0CE1,0,,,,candidate record word; sampled transition
13.621955,input,winmm:0,,,0x0,0x0,0x0,OS observation; button function uncalibrated
13.65449,input,winmm:0,,,0x0,0x0,0x0,OS observation; button function uncalibrated
13.665099,input,winmm:0,,,0x0,0x0,0x0,OS observation; button function uncalibrated
13.675142,input,winmm:0,,,0x0,0x0,0x0,OS observation; button function uncalibrated
13.692865,action,player_candidate:0x24390fbe390,0x0CDE,0,,,,candidate record word; sampled transition
13.700888,input,winmm:0,,,0x0,0x0,0x0,OS observation; button function uncalibrated
13.722155,input,winmm:0,,,0x0,0x0,0x0,OS observation; button function uncalibrated
13.745005,action,player_candidate:0x24390fbe390,0x0D92,0,,,,candidate record word; sampled transition
13.750888,input,winmm:0,,,0x0,0x0,0x0,OS observation; button function uncalibrated
13.803573,input,winmm:0,,,0x2,0x2,0x0,OS observation; button function uncalibrated
13.921451,action,boss_candidate:0x24390fbc910,0x0000,1,,,,candidate record word; sampled transition
13.956648,action,boss_candidate:0x24390fbc910,0x0008,1,,,,candidate record word; sampled transition
14.011457,snapshot_race,0x24390fbe390,,,,,,Observation gap; continuity unknown
14.023398,action,player_candidate:0x24390fbe390,0x0D70,0,,,,candidate record word; sampled transition
14.419979,input,winmm:0,,,0x2,0x0,0x0,OS observation; button function uncalibrated
14.430787,input,winmm:0,,,0x2,0x0,0x0,OS observation; button function uncalibrated
14.440985,input,winmm:0,,,0x0,0x0,0x2,OS observation; button function uncalibrated
14.45571,action,player_candidate:0x24390fbe390,0x0D44,0,,,,candidate record word; sampled transition
14.462555,input,winmm:0,,,0x0,0x0,0x0,OS observation; button function uncalibrated
14.475193,input,winmm:0,,,0x0,0x0,0x0,OS observation; button function uncalibrated
14.485334,input,winmm:0,,,0x0,0x0,0x0,OS observation; button function uncalibrated
14.505859,input,winmm:0,,,0x0,0x0,0x0,OS observation; button function uncalibrated
14.538654,input,winmm:0,,,0x0,0x0,0x0,OS observation; button function uncalibrated
14.608204,input,winmm:0,,,0x0,0x0,0x0,OS observation; button function uncalibrated
14.622783,action,player_candidate:0x24390fbe390,0x0CDD,0,,,,candidate record word; sampled transition
14.622882,input,winmm:0,,,0x0,0x0,0x0,OS observation; button function uncalibrated
14.632991,input,winmm:0,,,0x0,0x0,0x0,OS observation; button function uncalibrated
14.647775,input,winmm:0,,,0x0,0x0,0x0,OS observation; button function uncalibrated
14.668293,input,winmm:0,,,0x0,0x0,0x0,OS observation; button function uncalibrated
14.678897,input,winmm:0,,,0x0,0x0,0x0,OS observation; button function uncalibrated
14.702416,action,player_candidate:0x24390fbe390,0x0D91,0,,,,candidate record word; sampled transition
14.702557,input,winmm:0,,,0x0,0x0,0x0,OS observation; button function uncalibrated
14.728185,action,boss_candidate:0x24390fbc910,0x0000,1,,,,candidate record word; sampled transition
14.72847,input,winmm:0,,,0x0,0x0,0x0,OS observation; button function uncalibrated
14.742835,action,boss_candidate:0x24390fbc910,0x0C64,1,,,,candidate record word; sampled transition
14.870039,input,winmm:0,,,0x0,0x0,0x0,OS observation; button function uncalibrated
14.880576,input,winmm:0,,,0x0,0x0,0x0,OS observation; button function uncalibrated
14.928708,action,player_candidate:0x24390fbe390,0x0D8F,0,,,,candidate record word; sampled transition
14.92885,input,winmm:0,,,0x0,0x0,0x0,OS observation; button function uncalibrated
15.098459,input,winmm:0,,,0x0,0x0,0x0,OS observation; button function uncalibrated
15.119672,input,winmm:0,,,0x0,0x0,0x0,OS observation; button function uncalibrated
15.130038,input,winmm:0,,,0x0,0x0,0x0,OS observation; button function uncalibrated
15.162777,input,winmm:0,,,0x0,0x0,0x0,OS observation; button function uncalibrated
15.173768,input,winmm:0,,,0x0,0x0,0x0,OS observation; button function uncalibrated
15.184777,input,winmm:0,,,0x0,0x0,0x0,OS observation; button function uncalibrated
15.195261,input,winmm:0,,,0x0,0x0,0x0,OS observation; button function uncalibrated
15.226951,input,winmm:0,,,0x0,0x0,0x0,OS observation; button function uncalibrated
15.236991,input,winmm:0,,,0x0,0x0,0x0,OS observation; button function uncalibrated
15.279069,input,winmm:0,,,0x0,0x0,0x0,OS observation; button function uncalibrated
15.299564,input,winmm:0,,,0x0,0x0,0x0,OS observation; button function uncalibrated
15.375581,input,winmm:0,,,0x10,0x10,0x0,OS observation; button function uncalibrated
15.390045,action,player_candidate:0x24390fbe390,0x0CE7,0,,,,candidate record word; sampled transition
15.403858,action,player_candidate:0x24390fbe390,0x0CEC,0,,,,candidate record word; sampled transition
15.436109,input,winmm:0,,,0x10,0x0,0x0,OS observation; button function uncalibrated
15.457436,input,winmm:0,,,0x10,0x0,0x0,OS observation; button function uncalibrated
15.468436,input,winmm:0,,,0x10,0x0,0x0,OS observation; button function uncalibrated
15.47974,input,winmm:0,,,0x10,0x0,0x0,OS observation; button function uncalibrated
15.512747,input,winmm:0,,,0x10,0x0,0x0,OS observation; button function uncalibrated
15.523748,input,winmm:0,,,0x10,0x0,0x0,OS observation; button function uncalibrated
15.555391,input,winmm:0,,,0x10,0x0,0x0,OS observation; button function uncalibrated
15.620484,input,winmm:0,,,0x12,0x2,0x0,OS observation; button function uncalibrated
15.630912,input,winmm:0,,,0x32,0x20,0x0,OS observation; button function uncalibrated
15.644904,action,player_candidate:0x24390fbe390,0x0CFE,0,,,,candidate record word; sampled transition
15.673931,input,winmm:0,,,0x32,0x0,0x0,OS observation; button function uncalibrated
15.684938,input,winmm:0,,,0x36,0x4,0x0,OS observation; button function uncalibrated
15.706419,input,winmm:0,,,0x34,0x0,0x2,OS observation; button function uncalibrated
15.813433,input,winmm:0,,,0x30,0x0,0x4,OS observation; button function uncalibrated
15.823953,input,winmm:0,,,0x10,0x0,0x20,OS observation; button function uncalibrated
15.846714,snapshot_race,0x24390fbe390,,,,,,Observation gap; continuity unknown
15.859045,action,player_candidate:0x24390fbe390,0x0CEE,0,,,,candidate record word; sampled transition
15.889703,input,winmm:0,,,0x0,0x0,0x10,OS observation; button function uncalibrated
15.914033,snapshot_race,0x24390fbe390,,,,,,Observation gap; continuity unknown
15.926827,action,player_candidate:0x24390fbe390,0x0D91,0,,,,candidate record word; sampled transition
15.958878,input,winmm:0,,,0x0,0x0,0x0,OS observation; button function uncalibrated
15.969367,input,winmm:0,,,0x0,0x0,0x0,OS observation; button function uncalibrated
15.980315,input,winmm:0,,,0x0,0x0,0x0,OS observation; button function uncalibrated
15.993327,action,player_candidate:0x24390fbe390,0x0CDD,0,,,,candidate record word; sampled transition
15.993432,input,winmm:0,,,0x0,0x0,0x0,OS observation; button function uncalibrated
16.004111,action,player_candidate:0x24390fbe390,0x0CDB,0,,,,candidate record word; sampled transition
16.004232,input,winmm:0,,,0x0,0x0,0x0,OS observation; button function uncalibrated
16.014576,input,winmm:0,,,0x0,0x0,0x0,OS observation; button function uncalibrated
16.025368,input,winmm:0,,,0x0,0x0,0x0,OS observation; button function uncalibrated
16.036282,input,winmm:0,,,0x0,0x0,0x0,OS observation; button function uncalibrated
16.054797,action,player_candidate:0x24390fbe390,0x0D8F,0,,,,candidate record word; sampled transition
16.054913,input,winmm:0,,,0x0,0x0,0x0,OS observation; button function uncalibrated
16.090959,action,player_candidate:0x24390fbe390,0x0D92,0,,,,candidate record word; sampled transition
16.091071,input,winmm:0,,,0x0,0x0,0x0,OS observation; button function uncalibrated
16.112403,input,winmm:0,,,0x0,0x0,0x0,OS observation; button function uncalibrated
16.230722,input,winmm:0,,,0x0,0x0,0x0,OS observation; button function uncalibrated
16.263889,input,winmm:0,,,0x0,0x0,0x0,OS observation; button function uncalibrated
16.293652,action,player_candidate:0x24390fbe390,0x0CDE,0,,,,candidate record word; sampled transition
16.293789,input,winmm:0,,,0x0,0x0,0x0,OS observation; button function uncalibrated
16.305095,input,winmm:0,,,0x0,0x0,0x0,OS observation; button function uncalibrated
16.315427,input,winmm:0,,,0x0,0x0,0x0,OS observation; button function uncalibrated
16.325437,input,winmm:0,,,0x0,0x0,0x0,OS observation; button function uncalibrated
16.348007,action,player_candidate:0x24390fbe390,0x0CE5,0,,,,candidate record word; sampled transition
16.357648,sampling_gap,all_streams,,,,,,32.216 ms sampling gap
16.35767,input,winmm:0,,,0x0,0x0,0x0,OS observation; button function uncalibrated
16.378738,input,winmm:0,,,0x0,0x0,0x0,OS observation; button function uncalibrated
16.411915,input,winmm:0,,,0x0,0x0,0x0,OS observation; button function uncalibrated
16.422403,input,winmm:0,,,0x0,0x0,0x0,OS observation; button function uncalibrated
16.433278,input,winmm:0,,,0x0,0x0,0x0,OS observation; button function uncalibrated
16.456727,action,player_candidate:0x24390fbe390,0x0CDB,0,,,,candidate record word; sampled transition
16.45687,input,winmm:0,,,0x0,0x0,0x0,OS observation; button function uncalibrated
16.480005,action,player_candidate:0x24390fbe390,0x0D8F,0,,,,candidate record word; sampled transition
16.480134,input,winmm:0,,,0x0,0x0,0x0,OS observation; button function uncalibrated
16.512723,action,boss_candidate:0x24390fbc910,0x0000,1,,,,candidate record word; sampled transition
16.552629,action,boss_candidate:0x24390fbc910,0x0C54,1,,,,candidate record word; sampled transition
16.567085,sampling_gap,all_streams,,,,,,42.366 ms sampling gap
16.60554,input,winmm:0,,,0x0,0x0,0x0,OS observation; button function uncalibrated
16.636387,input,winmm:0,,,0x0,0x0,0x0,OS observation; button function uncalibrated
16.64954,input,winmm:0,,,0x0,0x0,0x0,OS observation; button function uncalibrated
16.670919,input,winmm:0,,,0x0,0x0,0x0,OS observation; button function uncalibrated
16.695508,action,player_candidate:0x24390fbe390,0x0CDB,0,,,,candidate record word; sampled transition
16.695646,input,winmm:0,,,0x20,0x20,0x0,OS observation; button function uncalibrated
16.709932,input,winmm:0,,,0x20,0x0,0x0,OS observation; button function uncalibrated
16.722703,input,winmm:0,,,0x20,0x0,0x0,OS observation; button function uncalibrated
16.733456,input,winmm:0,,,0x20,0x0,0x0,OS observation; button function uncalibrated
16.757869,action,player_candidate:0x24390fbe390,0x0C61,0,,,,candidate record word; sampled transition
16.762958,input,winmm:0,,,0x21,0x1,0x0,OS observation; button function uncalibrated
16.808853,action,player_candidate:0x24390fbe390,0x0C65,0,,,,candidate record word; sampled transition
16.814661,input,winmm:0,,,0x21,0x0,0x0,OS observation; button function uncalibrated
16.835438,input,winmm:0,,,0x21,0x0,0x0,OS observation; button function uncalibrated
16.880712,action,player_candidate:0x24390fbe390,0x0C64,0,,,,candidate record word; sampled transition
16.897824,input,winmm:0,,,0x21,0x0,0x0,OS observation; button function uncalibrated
16.919963,input,winmm:0,,,0x20,0x0,0x1,OS observation; button function uncalibrated
16.952518,input,winmm:0,,,0x20,0x0,0x0,OS observation; button function uncalibrated
16.974001,input,winmm:0,,,0x20,0x0,0x0,OS observation; button function uncalibrated
16.98471,input,winmm:0,,,0x0,0x0,0x20,OS observation; button function uncalibrated
16.995197,input,winmm:0,,,0x0,0x0,0x0,OS observation; button function uncalibrated
17.016719,input,winmm:0,,,0x0,0x0,0x0,OS observation; button function uncalibrated
17.030174,action,player_candidate:0x24390fbe390,0x0C61,0,,,,candidate record word; sampled transition
17.030276,input,winmm:0,,,0x0,0x0,0x0,OS observation; button function uncalibrated
17.049422,action,player_candidate:0x24390fbe390,0x0D87,0,,,,candidate record word; sampled transition
17.064753,sampling_gap,all_streams,,,,,,34.456 ms sampling gap
17.064786,input,winmm:0,,,0x0,0x0,0x0,OS observation; button function uncalibrated
17.077222,input,winmm:0,,,0x0,0x0,0x0,OS observation; button function uncalibrated
17.185888,input,winmm:0,,,0x0,0x0,0x0,OS observation; button function uncalibrated
17.229488,input,winmm:0,,,0x0,0x0,0x0,OS observation; button function uncalibrated
17.250741,input,winmm:0,,,0x0,0x0,0x0,OS observation; button function uncalibrated
17.293872,input,winmm:0,,,0x0,0x0,0x0,OS observation; button function uncalibrated
17.314899,input,winmm:0,,,0x0,0x0,0x0,OS observation; button function uncalibrated
17.358004,input,winmm:0,,,0x0,0x0,0x0,OS observation; button function uncalibrated
17.445007,input,winmm:0,,,0x0,0x0,0x0,OS observation; button function uncalibrated
17.465838,input,winmm:0,,,0x0,0x0,0x0,OS observation; button function uncalibrated
17.486932,input,winmm:0,,,0x0,0x0,0x0,OS observation; button function uncalibrated
17.509925,action,player_candidate:0x24390fbe390,0x0C61,0,,,,candidate record word; sampled transition
17.520914,input,winmm:0,,,0x0,0x0,0x0,OS observation; button function uncalibrated
17.53189,input,winmm:0,,,0x0,0x0,0x0,OS observation; button function uncalibrated
17.54291,input,winmm:0,,,0x0,0x0,0x0,OS observation; button function uncalibrated
17.565174,input,winmm:0,,,0x0,0x0,0x0,OS observation; button function uncalibrated
17.586683,input,winmm:0,,,0x20,0x20,0x0,OS observation; button function uncalibrated
17.607692,input,winmm:0,,,0x20,0x0,0x0,OS observation; button function uncalibrated
17.629079,input,winmm:0,,,0x22,0x2,0x0,OS observation; button function uncalibrated
17.642111,action,player_candidate:0x24390fbe390,0x0CDB,0,,,,candidate record word; sampled transition
17.642219,input,winmm:0,,,0x22,0x0,0x0,OS observation; button function uncalibrated
17.65665,action,player_candidate:0x24390fbe390,0x0CDF,0,,,,candidate record word; sampled transition
17.656756,input,winmm:0,,,0x22,0x0,0x0,OS observation; button function uncalibrated
17.678103,input,winmm:0,,,0x22,0x0,0x0,OS observation; button function uncalibrated
17.733112,input,winmm:0,,,0x32,0x10,0x0,OS observation; button function uncalibrated
17.756294,action,player_candidate:0x24390fbe390,0x0CE7,0,,,,candidate record word; sampled transition
17.767189,input,winmm:0,,,0x30,0x0,0x2,OS observation; button function uncalibrated
17.788984,input,winmm:0,,,0x10,0x0,0x20,OS observation; button function uncalibrated
17.799961,input,winmm:0,,,0x10,0x0,0x0,OS observation; button function uncalibrated
17.810982,input,winmm:0,,,0x10,0x0,0x0,OS observation; button function uncalibrated
17.911679,input,winmm:0,,,0x10,0x0,0x0,OS observation; button function uncalibrated
17.922694,input,winmm:0,,,0x0,0x0,0x10,OS observation; button function uncalibrated
17.946166,action,player_candidate:0x24390fbe390,0x0CCC,0,,,,candidate record word; sampled transition
17.94628,input,winmm:0,,,0x0,0x0,0x0,OS observation; button function uncalibrated
17.973731,action,player_candidate:0x24390fbe390,0x0CDD,0,,,,candidate record word; sampled transition
17.973852,input,winmm:0,,,0x0,0x0,0x0,OS observation; button function uncalibrated
17.994315,input,winmm:0,,,0x0,0x0,0x0,OS observation; button function uncalibrated
18.005337,input,winmm:0,,,0x0,0x0,0x0,OS observation; button function uncalibrated
18.018089,input,winmm:0,,,0x0,0x0,0x0,OS observation; button function uncalibrated
18.029183,input,winmm:0,,,0x0,0x0,0x0,OS observation; button function uncalibrated
18.053137,action,player_candidate:0x24390fbe390,0x0D91,0,,,,candidate record word; sampled transition
18.084884,input,winmm:0,,,0x0,0x0,0x0,OS observation; button function uncalibrated
18.109772,action,boss_candidate:0x24390fbc910,0x0000,1,,,,candidate record word; sampled transition
18.109897,input,winmm:0,,,0x0,0x0,0x0,OS observation; button function uncalibrated
18.120649,action,boss_candidate:0x24390fbc910,0x0021,1,,,,candidate record word; sampled transition
18.126093,input,winmm:0,,,0x0,0x0,0x0,OS observation; button function uncalibrated
18.136876,input,winmm:0,,,0x0,0x0,0x0,OS observation; button function uncalibrated
18.147354,input,winmm:0,,,0x0,0x0,0x0,OS observation; button function uncalibrated
18.158378,input,winmm:0,,,0x0,0x0,0x0,OS observation; button function uncalibrated
18.169363,input,winmm:0,,,0x0,0x0,0x0,OS observation; button function uncalibrated
18.180892,action,player_candidate:0x24390fbe390,0x0D8F,0,,,,candidate record word; sampled transition
18.180989,input,winmm:0,,,0x0,0x0,0x0,OS observation; button function uncalibrated
18.191363,input,winmm:0,,,0x0,0x0,0x0,OS observation; button function uncalibrated
18.201884,input,winmm:0,,,0x0,0x0,0x0,OS observation; button function uncalibrated
18.256701,input,winmm:0,,,0x0,0x0,0x0,OS observation; button function uncalibrated
18.299697,input,winmm:0,,,0x0,0x0,0x0,OS observation; button function uncalibrated
18.353576,input,winmm:0,,,0x10,0x10,0x0,OS observation; button function uncalibrated
18.364578,input,winmm:0,,,0x10,0x0,0x0,OS observation; button function uncalibrated
18.38127,action,player_candidate:0x24390fbe390,0x0CE7,0,,,,candidate record word; sampled transition
18.38138,input,winmm:0,,,0x10,0x0,0x0,OS observation; button function uncalibrated
18.392973,action,player_candidate:0x24390fbe390,0x0CEF,0,,,,candidate record word; sampled transition
18.397934,input,winmm:0,,,0x10,0x0,0x0,OS observation; button function uncalibrated
18.408607,input,winmm:0,,,0x10,0x0,0x0,OS observation; button function uncalibrated
18.419647,input,winmm:0,,,0x10,0x0,0x0,OS observation; button function uncalibrated
18.43011,input,winmm:0,,,0x10,0x0,0x0,OS observation; button function uncalibrated
18.44259,action,player_candidate:0x24390fbe390,0x0CE8,0,,,,candidate record word; sampled transition
18.448924,input,winmm:0,,,0x10,0x0,0x0,OS observation; button function uncalibrated
18.459129,input,winmm:0,,,0x10,0x0,0x0,OS observation; button function uncalibrated
18.481017,input,winmm:0,,,0x12,0x2,0x0,OS observation; button function uncalibrated
18.494403,action,player_candidate:0x24390fbe390,0x0CFF,0,,,,candidate record word; sampled transition
18.499829,input,winmm:0,,,0x12,0x0,0x0,OS observation; button function uncalibrated
18.509955,input,winmm:0,,,0x32,0x20,0x0,OS observation; button function uncalibrated
18.531662,input,winmm:0,,,0x32,0x0,0x0,OS observation; button function uncalibrated
18.542663,input,winmm:0,,,0x32,0x0,0x0,OS observation; button function uncalibrated
18.564155,input,winmm:0,,,0x32,0x0,0x0,OS observation; button function uncalibrated
18.575177,input,winmm:0,,,0x36,0x4,0x0,OS observation; button function uncalibrated
18.585268,input,winmm:0,,,0x34,0x0,0x2,OS observation; button function uncalibrated
18.606768,input,winmm:0,,,0x34,0x0,0x0,OS observation; button function uncalibrated
18.617775,input,winmm:0,,,0x34,0x0,0x0,OS observation; button function uncalibrated
18.639283,input,winmm:0,,,0x34,0x0,0x0,OS observation; button function uncalibrated
18.650269,input,winmm:0,,,0x34,0x0,0x0,OS observation; button function uncalibrated
18.672289,input,winmm:0,,,0x34,0x0,0x0,OS observation; button function uncalibrated
18.682776,input,winmm:0,,,0x30,0x0,0x4,OS observation; button function uncalibrated
18.694479,action,player_candidate:0x24390fbe390,0x0CE7,0,,,,candidate record word; sampled transition
18.694578,input,winmm:0,,,0x30,0x0,0x0,OS observation; button function uncalibrated
18.706854,action,player_candidate:0x24390fbe390,0x0CEE,0,,,,candidate record word; sampled transition
18.727678,input,winmm:0,,,0x10,0x0,0x20,OS observation; button function uncalibrated
18.760692,input,winmm:0,,,0x10,0x0,0x0,OS observation; button function uncalibrated
18.793402,input,winmm:0,,,0x0,0x0,0x10,OS observation; button function uncalibrated
18.80679,action,player_candidate:0x24390fbe390,0x0CCC,0,,,,candidate record word; sampled transition
18.806908,input,winmm:0,,,0x0,0x0,0x0,OS observation; button function uncalibrated
18.817897,input,winmm:0,,,0x0,0x0,0x0,OS observation; button function uncalibrated
18.830798,action,player_candidate:0x24390fbe390,0x0D91,0,,,,candidate record word; sampled transition
18.830915,input,winmm:0,,,0x0,0x0,0x0,OS observation; button function uncalibrated
18.841918,input,winmm:0,,,0x0,0x0,0x0,OS observation; button function uncalibrated
18.852563,input,winmm:0,,,0x0,0x0,0x0,OS observation; button function uncalibrated
18.866376,action,player_candidate:0x24390fbe390,0x0D8F,0,,,,candidate record word; sampled transition
18.866505,input,winmm:0,,,0x0,0x0,0x0,OS observation; button function uncalibrated
18.877322,action,boss_candidate:0x24390fbc910,0x0000,1,,,,candidate record word; sampled transition
18.888075,input,winmm:0,,,0x0,0x0,0x0,OS observation; button function uncalibrated
18.909349,input,winmm:0,,,0x0,0x0,0x0,OS observation; button function uncalibrated
18.92374,action,boss_candidate:0x24390fbc910,0x0C61,1,,,,candidate record word; sampled transition
18.951365,input,winmm:0,,,0x0,0x0,0x0,OS observation; button function uncalibrated
18.962354,input,winmm:0,,,0x0,0x0,0x0,OS observation; button function uncalibrated
18.972877,input,winmm:0,,,0x0,0x0,0x0,OS observation; button function uncalibrated
19.004825,input,winmm:0,,,0x0,0x0,0x0,OS observation; button function uncalibrated
19.015778,input,winmm:0,,,0x0,0x0,0x0,OS observation; button function uncalibrated
19.026786,input,winmm:0,,,0x0,0x0,0x0,OS observation; button function uncalibrated
19.12632,input,winmm:0,,,0x0,0x0,0x0,OS observation; button function uncalibrated
19.136836,input,winmm:0,,,0x0,0x0,0x0,OS observation; button function uncalibrated
19.190742,input,winmm:0,,,0x0,0x0,0x0,OS observation; button function uncalibrated
19.201726,input,winmm:0,,,0x0,0x0,0x0,OS observation; button function uncalibrated
19.245178,input,winmm:0,,,0x10,0x10,0x0,OS observation; button function uncalibrated
19.257951,action,player_candidate:0x24390fbe390,0x0CE7,0,,,,candidate record word; sampled transition
19.268356,input,winmm:0,,,0x10,0x0,0x0,OS observation; button function uncalibrated
19.279354,action,player_candidate:0x24390fbe390,0x0CEC,0,,,,candidate record word; sampled transition
19.290379,input,winmm:0,,,0x10,0x0,0x0,OS observation; button function uncalibrated
19.30139,input,winmm:0,,,0x10,0x0,0x0,OS observation; button function uncalibrated
19.312368,input,winmm:0,,,0x10,0x0,0x0,OS observation; button function uncalibrated
19.32289,input,winmm:0,,,0x10,0x0,0x0,OS observation; button function uncalibrated
19.333754,input,winmm:0,,,0x10,0x0,0x0,OS observation; button function uncalibrated
19.344741,input,winmm:0,,,0x12,0x2,0x0,OS observation; button function uncalibrated
19.357871,action,player_candidate:0x24390fbe390,0x0CFF,0,,,,candidate record word; sampled transition
19.357989,input,winmm:0,,,0x12,0x0,0x0,OS observation; button function uncalibrated
19.368278,input,winmm:0,,,0x12,0x0,0x0,OS observation; button function uncalibrated
19.379297,input,winmm:0,,,0x32,0x20,0x0,OS observation; button function uncalibrated
19.400403,input,winmm:0,,,0x32,0x0,0x0,OS observation; button function uncalibrated
19.432913,input,winmm:0,,,0x34,0x4,0x2,OS observation; button function uncalibrated
19.468231,action,boss_candidate:0x24390fbc910,0x0C62,1,,,,candidate record word; sampled transition
19.474816,input,winmm:0,,,0x34,0x0,0x0,OS observation; button function uncalibrated
19.495442,input,winmm:0,,,0x34,0x0,0x0,OS observation; button function uncalibrated
19.506436,input,winmm:0,,,0x34,0x0,0x0,OS observation; button function uncalibrated
19.528427,input,winmm:0,,,0x34,0x0,0x0,OS observation; button function uncalibrated
19.53942,input,winmm:0,,,0x30,0x0,0x4,OS observation; button function uncalibrated
19.563749,action,player_candidate:0x24390fbe390,0x0CE7,0,,,,candidate record word; sampled transition
19.563856,input,winmm:0,,,0x30,0x0,0x0,OS observation; button function uncalibrated
19.576588,action,player_candidate:0x24390fbe390,0x0CED,0,,,,candidate record word; sampled transition
19.583531,input,winmm:0,,,0x10,0x0,0x20,OS observation; button function uncalibrated
19.607029,input,winmm:0,,,0x10,0x0,0x0,OS observation; button function uncalibrated
19.628691,input,winmm:0,,,0x10,0x0,0x0,OS observation; button function uncalibrated
19.768758,input,winmm:0,,,0x12,0x2,0x0,OS observation; button function uncalibrated
19.782684,action,boss_candidate:0x24390fbc910,0x0C63,1,,,,candidate record word; sampled transition
19.789581,action,player_candidate:0x24390fbe390,0x0CFF,0,,,,candidate record word; sampled transition
19.789694,input,winmm:0,,,0x32,0x20,0x0,OS observation; button function uncalibrated
19.831535,input,winmm:0,,,0x36,0x4,0x0,OS observation; button function uncalibrated
19.842532,input,winmm:0,,,0x34,0x0,0x2,OS observation; button function uncalibrated
19.875054,input,winmm:0,,,0x34,0x0,0x0,OS observation; button function uncalibrated
19.88521,input,winmm:0,,,0x34,0x0,0x0,OS observation; button function uncalibrated
19.896231,input,winmm:0,,,0x34,0x0,0x0,OS observation; button function uncalibrated
19.906737,input,winmm:0,,,0x34,0x0,0x0,OS observation; button function uncalibrated
19.92336,input,winmm:0,,,0x34,0x0,0x0,OS observation; button function uncalibrated
19.942409,input,winmm:0,,,0x30,0x0,0x4,OS observation; button function uncalibrated
19.955956,input,winmm:0,,,0x30,0x0,0x0,OS observation; button function uncalibrated
19.96862,input,winmm:0,,,0x30,0x0,0x0,OS observation; button function uncalibrated
20.000733,input,winmm:0,,,0x20,0x0,0x10,OS observation; button function uncalibrated
20.011733,input,winmm:0,,,0x0,0x0,0x20,OS observation; button function uncalibrated
20.047265,input,winmm:0,,,0x0,0x0,0x0,OS observation; button function uncalibrated
20.076928,input,winmm:0,,,0x0,0x0,0x0,OS observation; button function uncalibrated
20.147654,action,player_candidate:0x24390fbe390,0x0D91,0,,,,candidate record word; sampled transition
20.202272,input,winmm:0,,,0x0,0x0,0x0,OS observation; button function uncalibrated
20.212541,input,winmm:0,,,0x0,0x0,0x0,OS observation; button function uncalibrated
20.234062,input,winmm:0,,,0x0,0x0,0x0,OS observation; button function uncalibrated
20.255555,input,winmm:0,,,0x0,0x0,0x0,OS observation; button function uncalibrated
20.298485,input,winmm:0,,,0x0,0x0,0x0,OS observation; button function uncalibrated
20.309494,input,winmm:0,,,0x0,0x0,0x0,OS observation; button function uncalibrated
20.320017,input,winmm:0,,,0x0,0x0,0x0,OS observation; button function uncalibrated
20.330488,input,winmm:0,,,0x0,0x0,0x0,OS observation; button function uncalibrated
20.341507,input,winmm:0,,,0x0,0x0,0x0,OS observation; button function uncalibrated
20.3525,input,winmm:0,,,0x0,0x0,0x0,OS observation; button function uncalibrated
20.365845,action,player_candidate:0x24390fbe390,0x0D90,0,,,,candidate record word; sampled transition
20.365952,input,winmm:0,,,0x0,0x0,0x0,OS observation; button function uncalibrated
20.441138,input,winmm:0,,,0x0,0x0,0x0,OS observation; button function uncalibrated
20.451664,input,winmm:0,,,0x0,0x0,0x0,OS observation; button function uncalibrated
20.465302,action,player_candidate:0x24390fbe390,0x0D91,0,,,,candidate record word; sampled transition
20.465404,input,winmm:0,,,0x0,0x0,0x0,OS observation; button function uncalibrated
20.487537,action,player_candidate:0x24390fbe390,0x0CDD,0,,,,candidate record word; sampled transition
20.487738,input,winmm:0,,,0x0,0x0,0x0,OS observation; button function uncalibrated
20.501435,input,winmm:0,,,0x0,0x0,0x0,OS observation; button function uncalibrated
20.512682,input,winmm:0,,,0x0,0x0,0x0,OS observation; button function uncalibrated
20.544732,action,player_candidate:0x24390fbe390,0x0CDB,0,,,,candidate record word; sampled transition
20.544862,input,winmm:0,,,0x0,0x0,0x0,OS observation; button function uncalibrated
20.55557,input,winmm:0,,,0x0,0x0,0x0,OS observation; button function uncalibrated
20.566562,input,winmm:0,,,0x0,0x0,0x0,OS observation; button function uncalibrated
20.588092,input,winmm:0,,,0x0,0x0,0x0,OS observation; button function uncalibrated
20.612165,action,player_candidate:0x24390fbe390,0x0D8F,0,,,,candidate record word; sampled transition
20.622816,input,winmm:0,,,0x0,0x0,0x0,OS observation; button function uncalibrated
20.751708,input,winmm:0,,,0x0,0x0,0x0,OS observation; button function uncalibrated
20.762691,input,winmm:0,,,0x0,0x0,0x0,OS observation; button function uncalibrated
20.776452,action,player_candidate:0x24390fbe390,0x0CDB,0,,,,candidate record word; sampled transition
20.776554,input,winmm:0,,,0x0,0x0,0x0,OS observation; button function uncalibrated
20.786692,input,winmm:0,,,0x0,0x0,0x0,OS observation; button function uncalibrated
20.797202,input,winmm:0,,,0x0,0x0,0x0,OS observation; button function uncalibrated
20.807721,input,winmm:0,,,0x0,0x0,0x0,OS observation; button function uncalibrated
20.818729,input,winmm:0,,,0x0,0x0,0x0,OS observation; button function uncalibrated
20.833166,action,player_candidate:0x24390fbe390,0x0CDD,0,,,,candidate record word; sampled transition
20.83327,input,winmm:0,,,0x0,0x0,0x0,OS observation; button function uncalibrated
20.844245,action,player_candidate:0x24390fbe390,0x0D91,0,,,,candidate record word; sampled transition
20.844343,input,winmm:0,,,0x0,0x0,0x0,OS observation; button function uncalibrated
20.93122,action,boss_candidate:0x24390fbc910,0x0C69,1,,,,candidate record word; sampled transition
20.937699,input,winmm:0,,,0x0,0x0,0x0,OS observation; button function uncalibrated
20.947708,input,winmm:0,,,0x0,0x0,0x0,OS observation; button function uncalibrated
20.958867,input,winmm:0,,,0x0,0x0,0x0,OS observation; button function uncalibrated
20.980069,input,winmm:0,,,0x0,0x0,0x0,OS observation; button function uncalibrated
21.119635,input,winmm:0,,,0x0,0x0,0x0,OS observation; button function uncalibrated
21.130645,input,winmm:0,,,0x0,0x0,0x0,OS observation; button function uncalibrated
21.141651,input,winmm:0,,,0x0,0x0,0x0,OS observation; button function uncalibrated
21.152634,input,winmm:0,,,0x0,0x0,0x0,OS observation; button function uncalibrated
21.163634,input,winmm:0,,,0x0,0x0,0x0,OS observation; button function uncalibrated
21.201428,input,winmm:0,,,0x0,0x0,0x0,OS observation; button function uncalibrated
21.248067,action,player_candidate:0x24390fbe390,0x0D90,0,,,,candidate record word; sampled transition
21.280079,input,winmm:0,,,0x10,0x10,0x0,OS observation; button function uncalibrated
21.294368,action,player_candidate:0x24390fbe390,0x0CE7,0,,,,candidate record word; sampled transition
21.310221,action,player_candidate:0x24390fbe390,0x0CED,0,,,,candidate record word; sampled transition
21.379645,action,player_candidate:0x24390fbe390,0x0CEE,0,,,,candidate record word; sampled transition
21.444149,input,winmm:0,,,0x12,0x2,0x0,OS observation; button function uncalibrated
21.467162,action,player_candidate:0x24390fbe390,0x0D00,0,,,,candidate record word; sampled transition
21.467259,input,winmm:0,,,0x32,0x20,0x0,OS observation; button function uncalibrated
21.541214,input,winmm:0,,,0x36,0x4,0x0,OS observation; button function uncalibrated
21.551721,input,winmm:0,,,0x34,0x0,0x2,OS observation; button function uncalibrated
21.565105,input,winmm:0,,,0x34,0x0,0x0,OS observation; button function uncalibrated
21.639743,input,winmm:0,,,0x30,0x0,0x4,OS observation; button function uncalibrated
21.66346,action,player_candidate:0x24390fbe390,0x0CE7,0,,,,candidate record word; sampled transition
21.686388,action,player_candidate:0x24390fbe390,0x0CEE,0,,,,candidate record word; sampled transition
21.686516,input,winmm:0,,,0x20,0x0,0x10,OS observation; button function uncalibrated
21.707763,input,winmm:0,,,0x0,0x0,0x20,OS observation; button function uncalibrated
21.720403,snapshot_race,0x24390fbe390,,,,,,Observation gap; continuity unknown
21.731153,action,player_candidate:0x24390fbe390,0x0D91,0,,,,candidate record word; sampled transition
21.839785,input,winmm:0,,,0x0,0x0,0x0,OS observation; button function uncalibrated
21.861787,input,winmm:0,,,0x0,0x0,0x0,OS observation; button function uncalibrated
21.872776,input,winmm:0,,,0x0,0x0,0x0,OS observation; button function uncalibrated
21.883498,input,winmm:0,,,0x0,0x0,0x0,OS observation; button function uncalibrated
21.894482,input,winmm:0,,,0x0,0x0,0x0,OS observation; button function uncalibrated
21.905492,input,winmm:0,,,0x0,0x0,0x0,OS observation; button function uncalibrated
21.916472,input,winmm:0,,,0x2,0x2,0x0,OS observation; button function uncalibrated
21.9485,input,winmm:0,,,0x2,0x0,0x0,OS observation; button function uncalibrated
21.980214,input,winmm:0,,,0x2,0x0,0x0,OS observation; button function uncalibrated
21.991228,input,winmm:0,,,0x2,0x0,0x0,OS observation; button function uncalibrated
22.012727,input,winmm:0,,,0x2,0x0,0x0,OS observation; button function uncalibrated
22.023722,input,winmm:0,,,0x2,0x0,0x0,OS observation; button function uncalibrated
22.045211,input,winmm:0,,,0x2,0x0,0x0,OS observation; button function uncalibrated
22.068828,action,player_candidate:0x24390fbe390,0x0D8F,0,,,,candidate record word; sampled transition
22.069215,input,winmm:0,,,0x2,0x0,0x0,OS observation; button function uncalibrated
22.118995,action,player_candidate:0x24390fbe390,0x0D5E,0,,,,candidate record word; sampled transition
22.139416,action,player_candidate:0x24390fbe390,0x0D70,0,,,,candidate record word; sampled transition
22.182262,input,winmm:0,,,0x2,0x0,0x0,OS observation; button function uncalibrated
22.192755,input,winmm:0,,,0x2,0x0,0x0,OS observation; button function uncalibrated
22.203775,input,winmm:0,,,0x2,0x0,0x0,OS observation; button function uncalibrated
22.220642,action,boss_candidate:0x24390fbc910,0x0000,1,,,,candidate record word; sampled transition
22.24451,action,boss_candidate:0x24390fbc910,0x001F,1,,,,candidate record word; sampled transition
22.286781,input,winmm:0,,,0x2,0x0,0x0,OS observation; button function uncalibrated
22.297803,input,winmm:0,,,0x2,0x0,0x0,OS observation; button function uncalibrated
22.318685,input,winmm:0,,,0x2,0x0,0x0,OS observation; button function uncalibrated
22.328771,input,winmm:0,,,0x2,0x0,0x0,OS observation; button function uncalibrated
22.349627,input,winmm:0,,,0x2,0x0,0x0,OS observation; button function uncalibrated
22.360639,input,winmm:0,,,0x2,0x0,0x0,OS observation; button function uncalibrated
22.382132,input,winmm:0,,,0x2,0x0,0x0,OS observation; button function uncalibrated
22.392652,input,winmm:0,,,0x2,0x0,0x0,OS observation; button function uncalibrated
22.403592,input,winmm:0,,,0x3,0x1,0x0,OS observation; button function uncalibrated
22.417441,action,player_candidate:0x24390fbe390,0x0CFC,0,,,,candidate record word; sampled transition
22.424803,input,winmm:0,,,0x3,0x0,0x0,OS observation; button function uncalibrated
22.46668,input,winmm:0,,,0x3,0x0,0x0,OS observation; button function uncalibrated
22.4777,input,winmm:0,,,0x3,0x0,0x0,OS observation; button function uncalibrated
22.488327,input,winmm:0,,,0x3,0x0,0x0,OS observation; button function uncalibrated
22.499345,input,winmm:0,,,0x1,0x0,0x2,OS observation; button function uncalibrated
22.510333,input,winmm:0,,,0x1,0x0,0x0,OS observation; button function uncalibrated
22.520838,input,winmm:0,,,0x1,0x0,0x0,OS observation; button function uncalibrated
22.531862,input,winmm:0,,,0x0,0x0,0x1,OS observation; button function uncalibrated
22.542858,input,winmm:0,,,0x0,0x0,0x0,OS observation; button function uncalibrated
22.553378,input,winmm:0,,,0x0,0x0,0x0,OS observation; button function uncalibrated
22.564046,input,winmm:0,,,0x0,0x0,0x0,OS observation; button function uncalibrated
22.584941,input,winmm:0,,,0x0,0x0,0x0,OS observation; button function uncalibrated
22.59544,input,winmm:0,,,0x0,0x0,0x0,OS observation; button function uncalibrated
22.628445,input,winmm:0,,,0x10,0x10,0x0,OS observation; button function uncalibrated
22.692357,input,winmm:0,,,0x10,0x0,0x0,OS observation; button function uncalibrated
22.702873,input,winmm:0,,,0x10,0x0,0x0,OS observation; button function uncalibrated
22.713864,input,winmm:0,,,0x10,0x0,0x0,OS observation; button function uncalibrated
22.724858,input,winmm:0,,,0x10,0x0,0x0,OS observation; button function uncalibrated
22.735364,input,winmm:0,,,0x12,0x2,0x0,OS observation; button function uncalibrated
22.750892,action,player_candidate:0x24390fbe390,0x0D07,0,,,,candidate record word; sampled transition
22.757377,input,winmm:0,,,0x12,0x0,0x0,OS observation; button function uncalibrated
22.767883,input,winmm:0,,,0x2,0x0,0x10,OS observation; button function uncalibrated
22.778884,input,winmm:0,,,0x2,0x0,0x0,OS observation; button function uncalibrated
22.789949,input,winmm:0,,,0x2,0x0,0x0,OS observation; button function uncalibrated
22.836691,action,boss_candidate:0x24390fbc910,0x0000,1,,,,candidate record word; sampled transition
22.836828,input,winmm:0,,,0x2,0x0,0x0,OS observation; button function uncalibrated
22.861794,action,boss_candidate:0x24390fbc910,0x0C61,1,,,,candidate record word; sampled transition
22.894836,input,winmm:0,,,0x2,0x0,0x0,OS observation; button function uncalibrated
22.916837,input,winmm:0,,,0x2,0x0,0x0,OS observation; button function uncalibrated
22.949396,input,winmm:0,,,0x2,0x0,0x0,OS observation; button function uncalibrated
22.992415,input,winmm:0,,,0x2,0x0,0x0,OS observation; button function uncalibrated
23.02482,input,winmm:0,,,0x2,0x0,0x0,OS observation; button function uncalibrated
23.03532,input,winmm:0,,,0x2,0x0,0x0,OS observation; button function uncalibrated
23.056833,input,winmm:0,,,0x2,0x0,0x0,OS observation; button function uncalibrated
23.103117,action,player_candidate:0x24390fbe390,0x0D90,0,,,,candidate record word; sampled transition
23.103229,input,winmm:0,,,0x2,0x0,0x0,OS observation; button function uncalibrated
23.114618,action,player_candidate:0x24390fbe390,0x0D5E,0,,,,candidate record word; sampled transition
23.119729,input,winmm:0,,,0x2,0x0,0x0,OS observation; button function uncalibrated
23.129801,action,player_candidate:0x24390fbe390,0x0D70,0,,,,candidate record word; sampled transition
23.151723,input,winmm:0,,,0x2,0x0,0x0,OS observation; button function uncalibrated
23.219252,input,winmm:0,,,0x0,0x0,0x2,OS observation; button function uncalibrated
23.234075,action,player_candidate:0x24390fbe390,0x0D8F,0,,,,candidate record word; sampled transition
23.320546,input,winmm:0,,,0x0,0x0,0x0,OS observation; button function uncalibrated
23.331044,input,winmm:0,,,0x0,0x0,0x0,OS observation; button function uncalibrated
23.344963,action,player_candidate:0x24390fbe390,0x0D92,0,,,,candidate record word; sampled transition
23.345072,input,winmm:0,,,0x10,0x10,0x0,OS observation; button function uncalibrated
23.355534,input,winmm:0,,,0x10,0x0,0x0,OS observation; button function uncalibrated
23.371863,snapshot_race,0x24390fbe390,,,,,,Observation gap; continuity unknown
23.371979,input,winmm:0,,,0x10,0x0,0x0,OS observation; button function uncalibrated
23.383376,action,player_candidate:0x24390fbe390,0x0CEF,0,,,,candidate record word; sampled transition
23.394797,action,boss_candidate:0x24390fbc910,0x0C62,1,,,,candidate record word; sampled transition
23.394923,input,winmm:0,,,0x10,0x0,0x0,OS observation; button function uncalibrated
23.416558,input,winmm:0,,,0x10,0x0,0x0,OS observation; button function uncalibrated
23.427572,input,winmm:0,,,0x10,0x0,0x0,OS observation; button function uncalibrated
23.47104,action,player_candidate:0x24390fbe390,0x0CED,0,,,,candidate record word; sampled transition
23.481524,input,winmm:0,,,0x12,0x2,0x0,OS observation; button function uncalibrated
23.494986,action,player_candidate:0x24390fbe390,0x0CFF,0,,,,candidate record word; sampled transition
23.495097,input,winmm:0,,,0x12,0x0,0x0,OS observation; button function uncalibrated
23.505513,input,winmm:0,,,0x32,0x20,0x0,OS observation; button function uncalibrated
23.527301,input,winmm:0,,,0x32,0x0,0x0,OS observation; button function uncalibrated
23.559413,input,winmm:0,,,0x36,0x4,0x0,OS observation; button function uncalibrated
23.569924,input,winmm:0,,,0x34,0x0,0x2,OS observation; button function uncalibrated
23.6026,input,winmm:0,,,0x34,0x0,0x0,OS observation; button function uncalibrated
23.656665,input,winmm:0,,,0x30,0x0,0x4,OS observation; button function uncalibrated
23.667497,input,winmm:0,,,0x30,0x0,0x0,OS observation; button function uncalibrated
23.701868,action,player_candidate:0x24390fbe390,0x0CE7,0,,,,candidate record word; sampled transition
23.701976,input,winmm:0,,,0x20,0x0,0x10,OS observation; button function uncalibrated
23.711994,action,boss_candidate:0x24390fbc910,0x0C63,1,,,,candidate record word; sampled transition
23.716822,action,player_candidate:0x24390fbe390,0x0CCC,0,,,,candidate record word; sampled transition
23.72757,input,winmm:0,,,0x0,0x0,0x20,OS observation; button function uncalibrated
23.738173,action,player_candidate:0x24390fbe390,0x0D91,0,,,,candidate record word; sampled transition
23.73827,input,winmm:0,,,0x0,0x0,0x0,OS observation; button function uncalibrated
23.748819,input,winmm:0,,,0x0,0x0,0x0,OS observation; button function uncalibrated
23.759307,input,winmm:0,,,0x0,0x0,0x0,OS observation; button function uncalibrated
23.769824,input,winmm:0,,,0x0,0x0,0x0,OS observation; button function uncalibrated
23.780833,input,winmm:0,,,0x0,0x0,0x0,OS observation; button function uncalibrated
23.791325,input,winmm:0,,,0x0,0x0,0x0,OS observation; button function uncalibrated
23.802323,input,winmm:0,,,0x0,0x0,0x0,OS observation; button function uncalibrated
23.815066,action,player_candidate:0x24390fbe390,0x0D8F,0,,,,candidate record word; sampled transition
23.835834,input,winmm:0,,,0x0,0x0,0x0,OS observation; button function uncalibrated
23.856866,input,winmm:0,,,0x0,0x0,0x0,OS observation; button function uncalibrated
23.867858,input,winmm:0,,,0x0,0x0,0x0,OS observation; button function uncalibrated
23.878865,input,winmm:0,,,0x0,0x0,0x0,OS observation; button function uncalibrated
23.889936,input,winmm:0,,,0x0,0x0,0x0,OS observation; button function uncalibrated
23.900866,input,winmm:0,,,0x0,0x0,0x0,OS observation; button function uncalibrated
23.911373,input,winmm:0,,,0x0,0x0,0x0,OS observation; button function uncalibrated
23.964924,input,winmm:0,,,0x0,0x0,0x0,OS observation; button function uncalibrated
24.039253,input,winmm:0,,,0x0,0x0,0x0,OS observation; button function uncalibrated
24.049762,input,winmm:0,,,0x0,0x0,0x0,OS observation; button function uncalibrated
24.064622,action,player_candidate:0x24390fbe390,0x0CDB,0,,,,candidate record word; sampled transition
24.064766,input,winmm:0,,,0x0,0x0,0x0,OS observation; button function uncalibrated
24.075292,input,winmm:0,,,0x0,0x0,0x0,OS observation; button function uncalibrated
24.085288,input,winmm:0,,,0x0,0x0,0x0,OS observation; button function uncalibrated
24.099138,action,player_candidate:0x24390fbe390,0x0CDF,0,,,,candidate record word; sampled transition
24.099247,input,winmm:0,,,0x0,0x0,0x0,OS observation; button function uncalibrated
24.151306,input,winmm:0,,,0x0,0x0,0x0,OS observation; button function uncalibrated
24.172802,input,winmm:0,,,0x0,0x0,0x0,OS observation; button function uncalibrated
24.183808,input,winmm:0,,,0x0,0x0,0x0,OS observation; button function uncalibrated
24.20531,input,winmm:0,,,0x0,0x0,0x0,OS observation; button function uncalibrated
24.215817,input,winmm:0,,,0x0,0x0,0x0,OS observation; button function uncalibrated
24.228077,action,player_candidate:0x24390fbe390,0x0CDC,0,,,,candidate record word; sampled transition
24.228178,input,winmm:0,,,0x0,0x0,0x0,OS observation; button function uncalibrated
24.238878,input,winmm:0,,,0x0,0x0,0x0,OS observation; button function uncalibrated
24.248948,input,winmm:0,,,0x0,0x0,0x0,OS observation; button function uncalibrated
24.269543,input,winmm:0,,,0x0,0x0,0x0,OS observation; button function uncalibrated
24.282049,action,player_candidate:0x24390fbe390,0x0D90,0,,,,candidate record word; sampled transition
24.293042,input,winmm:0,,,0x0,0x0,0x0,OS observation; button function uncalibrated
24.330826,action,player_candidate:0x24390fbe390,0x0CE7,0,,,,candidate record word; sampled transition
24.33095,input,winmm:0,,,0x10,0x10,0x0,OS observation; button function uncalibrated
24.34106,input,winmm:0,,,0x10,0x0,0x0,OS observation; button function uncalibrated
24.35535,action,player_candidate:0x24390fbe390,0x0CEE,0,,,,candidate record word; sampled transition
24.35547,input,winmm:0,,,0x10,0x0,0x0,OS observation; button function uncalibrated
24.451768,input,winmm:0,,,0x12,0x2,0x0,OS observation; button function uncalibrated
24.469627,action,player_candidate:0x24390fbe390,0x0D00,0,,,,candidate record word; sampled transition
24.479784,input,winmm:0,,,0x32,0x20,0x0,OS observation; button function uncalibrated
24.512787,input,winmm:0,,,0x34,0x4,0x2,OS observation; button function uncalibrated
24.566789,input,winmm:0,,,0x34,0x0,0x0,OS observation; button function uncalibrated
24.588801,input,winmm:0,,,0x34,0x0,0x0,OS observation; button function uncalibrated
24.599319,input,winmm:0,,,0x34,0x0,0x0,OS observation; button function uncalibrated
24.630948,input,winmm:0,,,0x30,0x0,0x4,OS observation; button function uncalibrated
24.667108,action,player_candidate:0x24390fbe390,0x0CE7,0,,,,candidate record word; sampled transition
24.667225,input,winmm:0,,,0x20,0x0,0x10,OS observation; button function uncalibrated
24.677456,input,winmm:0,,,0x20,0x0,0x0,OS observation; button function uncalibrated
24.688335,action,player_candidate:0x24390fbe390,0x0CCC,0,,,,candidate record word; sampled transition
24.688428,input,winmm:0,,,0x0,0x0,0x20,OS observation; button function uncalibrated
24.698918,action,player_candidate:0x24390fbe390,0x0D8F,0,,,,candidate record word; sampled transition
24.699034,input,winmm:0,,,0x0,0x0,0x0,OS observation; button function uncalibrated
24.719971,input,winmm:0,,,0x0,0x0,0x0,OS observation; button function uncalibrated
24.730483,input,winmm:0,,,0x0,0x0,0x0,OS observation; button function uncalibrated
24.741493,input,winmm:0,,,0x0,0x0,0x0,OS observation; button function uncalibrated
24.752512,input,winmm:0,,,0x0,0x0,0x0,OS observation; button function uncalibrated
24.763486,input,winmm:0,,,0x0,0x0,0x0,OS observation; button function uncalibrated
24.774702,input,winmm:0,,,0x0,0x0,0x0,OS observation; button function uncalibrated
24.787442,action,player_candidate:0x24390fbe390,0x0CDB,0,,,,candidate record word; sampled transition
24.787539,input,winmm:0,,,0x0,0x0,0x0,OS observation; button function uncalibrated
24.797691,input,winmm:0,,,0x0,0x0,0x0,OS observation; button function uncalibrated
24.808713,input,winmm:0,,,0x0,0x0,0x0,OS observation; button function uncalibrated
24.823469,action,player_candidate:0x24390fbe390,0x0CDF,0,,,,candidate record word; sampled transition
24.844703,input,winmm:0,,,0x0,0x0,0x0,OS observation; button function uncalibrated
24.855215,input,winmm:0,,,0x0,0x0,0x0,OS observation; button function uncalibrated
24.867719,action,boss_candidate:0x24390fbc910,0x0C69,1,,,,candidate record word; sampled transition
24.867836,input,winmm:0,,,0x0,0x0,0x0,OS observation; button function uncalibrated
24.880252,action,player_candidate:0x24390fbe390,0x0CDE,0,,,,candidate record word; sampled transition
24.880362,input,winmm:0,,,0x0,0x0,0x0,OS observation; button function uncalibrated
24.89074,input,winmm:0,,,0x0,0x0,0x0,OS observation; button function uncalibrated
24.904733,action,player_candidate:0x24390fbe390,0x0D92,0,,,,candidate record word; sampled transition
24.904837,input,winmm:0,,,0x0,0x0,0x0,OS observation; button function uncalibrated
24.926244,input,winmm:0,,,0x20,0x20,0x0,OS observation; button function uncalibrated
24.978237,action,player_candidate:0x24390fbe390,0x0D90,0,,,,candidate record word; sampled transition
24.978372,input,winmm:0,,,0x21,0x1,0x0,OS observation; button function uncalibrated
25.008362,action,player_candidate:0x24390fbe390,0x0D88,0,,,,candidate record word; sampled transition
25.151631,input,winmm:0,,,0x20,0x0,0x1,OS observation; button function uncalibrated
25.183658,input,winmm:0,,,0x0,0x0,0x20,OS observation; button function uncalibrated
25.312822,input,winmm:0,,,0x0,0x0,0x0,OS observation; button function uncalibrated
25.377059,input,winmm:0,,,0x0,0x0,0x0,OS observation; button function uncalibrated
25.419323,input,winmm:0,,,0x0,0x0,0x0,OS observation; button function uncalibrated
25.548603,input,winmm:0,,,0x0,0x0,0x0,OS observation; button function uncalibrated
25.943467,input,winmm:0,,,0x0,0x0,0x0,OS observation; button function uncalibrated
25.965458,input,winmm:0,,,0x0,0x0,0x0,OS observation; button function uncalibrated
25.976472,input,winmm:0,,,0x0,0x0,0x0,OS observation; button function uncalibrated
25.986955,input,winmm:0,,,0x0,0x0,0x0,OS observation; button function uncalibrated
26.001077,action,player_candidate:0x24390fbe390,0x0C62,0,,,,candidate record word; sampled transition
26.001196,input,winmm:0,,,0x0,0x0,0x0,OS observation; button function uncalibrated
26.011486,input,winmm:0,,,0x0,0x0,0x0,OS observation; button function uncalibrated
26.022445,input,winmm:0,,,0x0,0x0,0x0,OS observation; button function uncalibrated
26.044204,input,winmm:0,,,0x0,0x0,0x0,OS observation; button function uncalibrated
26.055658,action,player_candidate:0x24390fbe390,0x0C67,0,,,,candidate record word; sampled transition
26.070709,input,winmm:0,,,0x0,0x0,0x0,OS observation; button function uncalibrated
26.092714,input,winmm:0,,,0x0,0x0,0x0,OS observation; button function uncalibrated
26.105963,action,player_candidate:0x24390fbe390,0x0C63,0,,,,candidate record word; sampled transition
26.122742,input,winmm:0,,,0x0,0x0,0x0,OS observation; button function uncalibrated
26.143689,input,winmm:0,,,0x0,0x0,0x0,OS observation; button function uncalibrated
26.156838,action,boss_candidate:0x24390fbc910,0x0000,1,,,,candidate record word; sampled transition
26.157014,input,winmm:0,,,0x0,0x0,0x0,OS observation; button function uncalibrated
26.167774,action,player_candidate:0x24390fbe390,0x0D89,0,,,,candidate record word; sampled transition
26.172421,input,winmm:0,,,0x0,0x0,0x0,OS observation; button function uncalibrated
26.182292,action,boss_candidate:0x24390fbc910,0x0C64,1,,,,candidate record word; sampled transition
26.215437,input,winmm:0,,,0x0,0x0,0x0,OS observation; button function uncalibrated
26.30202,input,winmm:0,,,0x0,0x0,0x0,OS observation; button function uncalibrated
26.38922,input,winmm:0,,,0x0,0x0,0x0,OS observation; button function uncalibrated
26.529651,input,winmm:0,,,0x0,0x0,0x0,OS observation; button function uncalibrated
26.550715,input,winmm:0,,,0x0,0x0,0x0,OS observation; button function uncalibrated
26.561696,input,winmm:0,,,0x0,0x0,0x0,OS observation; button function uncalibrated
26.58274,input,winmm:0,,,0x0,0x0,0x0,OS observation; button function uncalibrated
26.604764,input,winmm:0,,,0x10,0x10,0x0,OS observation; button function uncalibrated
26.619713,action,player_candidate:0x24390fbe390,0x0C7F,0,,,,candidate record word; sampled transition
26.635801,action,player_candidate:0x24390fbe390,0x0C74,0,,,,candidate record word; sampled transition
26.938727,input,winmm:0,,,0x10,0x0,0x0,OS observation; button function uncalibrated
26.959273,input,winmm:0,,,0x10,0x0,0x0,OS observation; button function uncalibrated
26.980769,input,winmm:0,,,0x10,0x0,0x0,OS observation; button function uncalibrated
26.991791,input,winmm:0,,,0x10,0x0,0x0,OS observation; button function uncalibrated
27.002784,input,winmm:0,,,0x10,0x0,0x0,OS observation; button function uncalibrated
27.012941,input,winmm:0,,,0x10,0x0,0x0,OS observation; button function uncalibrated
27.023445,input,winmm:0,,,0x10,0x0,0x0,OS observation; button function uncalibrated
27.065533,input,winmm:0,,,0x12,0x2,0x0,OS observation; button function uncalibrated
27.089604,action,player_candidate:0x24390fbe390,0x0C84,0,,,,candidate record word; sampled transition
27.225018,input,winmm:0,,,0x12,0x0,0x0,OS observation; button function uncalibrated
27.236031,input,winmm:0,,,0x10,0x0,0x2,OS observation; button function uncalibrated
27.267604,input,winmm:0,,,0x10,0x0,0x0,OS observation; button function uncalibrated
27.302796,input,winmm:0,,,0x10,0x0,0x0,OS observation; button function uncalibrated
27.327154,input,winmm:0,,,0x10,0x0,0x0,OS observation; button function uncalibrated
27.342239,input,winmm:0,,,0x10,0x0,0x0,OS observation; button function uncalibrated
27.363184,input,winmm:0,,,0x10,0x0,0x0,OS observation; button function uncalibrated
27.37365,input,winmm:0,,,0x10,0x0,0x0,OS observation; button function uncalibrated
27.395647,input,winmm:0,,,0x10,0x0,0x0,OS observation; button function uncalibrated
27.417635,input,winmm:0,,,0x10,0x0,0x0,OS observation; button function uncalibrated
27.440148,action,player_candidate:0x24390fbe390,0x0C6E,0,,,,candidate record word; sampled transition
27.451692,action,player_candidate:0x24390fbe390,0x0C73,0,,,,candidate record word; sampled transition
27.451826,input,winmm:0,,,0x10,0x0,0x0,OS observation; button function uncalibrated
27.462719,input,winmm:0,,,0x10,0x0,0x0,OS observation; button function uncalibrated
27.473704,input,winmm:0,,,0x10,0x0,0x0,OS observation; button function uncalibrated
27.484655,input,winmm:0,,,0x10,0x0,0x0,OS observation; button function uncalibrated
27.495661,input,winmm:0,,,0x10,0x0,0x0,OS observation; button function uncalibrated
27.506662,input,winmm:0,,,0x10,0x0,0x0,OS observation; button function uncalibrated
27.517702,input,winmm:0,,,0x10,0x0,0x0,OS observation; button function uncalibrated
27.528569,input,winmm:0,,,0x10,0x0,0x0,OS observation; button function uncalibrated
27.539086,input,winmm:0,,,0x10,0x0,0x0,OS observation; button function uncalibrated
27.549576,input,winmm:0,,,0x10,0x0,0x0,OS observation; button function uncalibrated
27.56062,input,winmm:0,,,0x10,0x0,0x0,OS observation; button function uncalibrated
27.571593,input,winmm:0,,,0x10,0x0,0x0,OS observation; button function uncalibrated
27.582582,input,winmm:0,,,0x10,0x0,0x0,OS observation; button function uncalibrated
27.593608,input,winmm:0,,,0x10,0x0,0x0,OS observation; button function uncalibrated
27.604601,input,winmm:0,,,0x10,0x0,0x0,OS observation; button function uncalibrated
27.615136,input,winmm:0,,,0x10,0x0,0x0,OS observation; button function uncalibrated
27.647591,input,winmm:0,,,0x10,0x0,0x0,OS observation; button function uncalibrated
27.763495,input,winmm:0,,,0x10,0x0,0x0,OS observation; button function uncalibrated
27.794664,input,winmm:0,,,0x12,0x2,0x0,OS observation; button function uncalibrated
27.821252,action,player_candidate:0x24390fbe390,0x0C83,0,,,,candidate record word; sampled transition
27.826704,input,winmm:0,,,0x12,0x0,0x0,OS observation; button function uncalibrated
27.848688,input,winmm:0,,,0x12,0x0,0x0,OS observation; button function uncalibrated
27.859057,input,winmm:0,,,0x12,0x0,0x0,OS observation; button function uncalibrated
27.913066,input,winmm:0,,,0x12,0x0,0x0,OS observation; button function uncalibrated
27.923605,input,winmm:0,,,0x10,0x0,0x2,OS observation; button function uncalibrated
27.934589,input,winmm:0,,,0x10,0x0,0x0,OS observation; button function uncalibrated
27.950803,action,boss_candidate:0x24390fbc910,0x0000,1,,,,candidate record word; sampled transition
27.972591,input,winmm:0,,,0x10,0x0,0x0,OS observation; button function uncalibrated
27.993228,action,boss_candidate:0x24390fbc910,0x0008,1,,,,candidate record word; sampled transition
28.018609,action,boss_candidate:0x24390fbc910,0x0C55,1,,,,candidate record word; sampled transition
28.034934,input,winmm:0,,,0x10,0x0,0x0,OS observation; button function uncalibrated
28.167307,action,player_candidate:0x24390fbe390,0x0C6E,0,,,,candidate record word; sampled transition
28.167427,input,winmm:0,,,0x10,0x0,0x0,OS observation; button function uncalibrated
28.178198,input,winmm:0,,,0x0,0x0,0x10,OS observation; button function uncalibrated
28.193855,snapshot_race,0x24390fbe390,,,,,,Observation gap; continuity unknown
28.206888,action,player_candidate:0x24390fbe390,0x0D88,0,,,,candidate record word; sampled transition
28.207003,input,winmm:0,,,0x0,0x0,0x0,OS observation; button function uncalibrated
28.261716,input,winmm:0,,,0x0,0x0,0x0,OS observation; button function uncalibrated
28.283252,input,winmm:0,,,0x0,0x0,0x0,OS observation; button function uncalibrated
28.294249,input,winmm:0,,,0x0,0x0,0x0,OS observation; button function uncalibrated
28.315257,input,winmm:0,,,0x0,0x0,0x0,OS observation; button function uncalibrated
28.336366,input,winmm:0,,,0x0,0x0,0x0,OS observation; button function uncalibrated
28.368492,input,winmm:0,,,0x0,0x0,0x0,OS observation; button function uncalibrated
28.436723,input,winmm:0,,,0x0,0x0,0x0,OS observation; button function uncalibrated
28.447213,input,winmm:0,,,0x0,0x0,0x0,OS observation; button function uncalibrated
28.457722,input,winmm:0,,,0x0,0x0,0x0,OS observation; button function uncalibrated
28.479331,input,winmm:0,,,0x0,0x0,0x0,OS observation; button function uncalibrated
28.49204,action,player_candidate:0x24390fbe390,0x0D89,0,,,,candidate record word; sampled transition
28.5023,input,winmm:0,,,0x0,0x0,0x0,OS observation; button function uncalibrated
28.512834,input,winmm:0,,,0x0,0x0,0x0,OS observation; button function uncalibrated
28.545509,input,winmm:0,,,0x0,0x0,0x0,OS observation; button function uncalibrated
28.566669,input,winmm:0,,,0x0,0x0,0x0,OS observation; button function uncalibrated
28.613545,input,winmm:0,,,0x0,0x0,0x0,OS observation; button function uncalibrated
28.627872,input,winmm:0,,,0x0,0x0,0x0,OS observation; button function uncalibrated
28.670933,input,winmm:0,,,0x0,0x0,0x0,OS observation; button function uncalibrated
28.930286,input,winmm:0,,,0x20,0x20,0x0,OS observation; button function uncalibrated
28.976252,input,winmm:0,,,0x22,0x2,0x0,OS observation; button function uncalibrated
28.998282,action,player_candidate:0x24390fbe390,0x0D91,0,,,,candidate record word; sampled transition
29.063283,input,winmm:0,,,0x22,0x0,0x0,OS observation; button function uncalibrated
29.074537,input,winmm:0,,,0x22,0x0,0x0,OS observation; button function uncalibrated
29.096086,input,winmm:0,,,0x22,0x0,0x0,OS observation; button function uncalibrated
29.150791,action,boss_candidate:0x24390fbc910,0x0000,1,,,,candidate record word; sampled transition
29.150933,input,winmm:0,,,0x0,0x0,0x22,OS observation; button function uncalibrated
29.177919,action,boss_candidate:0x24390fbc910,0x0C5E,1,,,,candidate record word; sampled transition
29.242368,input,winmm:0,,,0x0,0x0,0x0,OS observation; button function uncalibrated
29.264115,input,winmm:0,,,0x0,0x0,0x0,OS observation; button function uncalibrated
29.285375,input,winmm:0,,,0x0,0x0,0x0,OS observation; button function uncalibrated
29.296228,input,winmm:0,,,0x0,0x0,0x0,OS observation; button function uncalibrated
29.318241,input,winmm:0,,,0x0,0x0,0x0,OS observation; button function uncalibrated
29.328847,input,winmm:0,,,0x0,0x0,0x0,OS observation; button function uncalibrated
29.33932,input,winmm:0,,,0x0,0x0,0x0,OS observation; button function uncalibrated
29.360869,input,winmm:0,,,0x0,0x0,0x0,OS observation; button function uncalibrated
29.371122,input,winmm:0,,,0x0,0x0,0x0,OS observation; button function uncalibrated
29.381729,input,winmm:0,,,0x0,0x0,0x0,OS observation; button function uncalibrated
29.392247,input,winmm:0,,,0x0,0x0,0x0,OS observation; button function uncalibrated
29.406497,action,player_candidate:0x24390fbe390,0x0D8F,0,,,,candidate record word; sampled transition
29.406614,input,winmm:0,,,0x0,0x0,0x0,OS observation; button function uncalibrated
29.416741,input,winmm:0,,,0x0,0x0,0x0,OS observation; button function uncalibrated
29.438784,input,winmm:0,,,0x0,0x0,0x0,OS observation; button function uncalibrated
29.449744,input,winmm:0,,,0x0,0x0,0x0,OS observation; button function uncalibrated
29.460774,input,winmm:0,,,0x0,0x0,0x0,OS observation; button function uncalibrated
29.471012,input,winmm:0,,,0x0,0x0,0x0,OS observation; button function uncalibrated
29.493012,input,winmm:0,,,0x0,0x0,0x0,OS observation; button function uncalibrated
29.504027,input,winmm:0,,,0x0,0x0,0x0,OS observation; button function uncalibrated
29.52465,input,winmm:0,,,0x0,0x0,0x0,OS observation; button function uncalibrated
29.534727,input,winmm:0,,,0x0,0x0,0x0,OS observation; button function uncalibrated
29.556717,input,winmm:0,,,0x0,0x0,0x0,OS observation; button function uncalibrated
29.57203,action,player_candidate:0x24390fbe390,0x0D92,0,,,,candidate record word; sampled transition
29.572144,input,winmm:0,,,0x0,0x0,0x0,OS observation; button function uncalibrated
29.582207,input,winmm:0,,,0x0,0x0,0x0,OS observation; button function uncalibrated
29.593189,input,winmm:0,,,0x0,0x0,0x0,OS observation; button function uncalibrated
29.604232,input,winmm:0,,,0x0,0x0,0x0,OS observation; button function uncalibrated
29.625197,input,winmm:0,,,0x0,0x0,0x0,OS observation; button function uncalibrated
29.636201,input,winmm:0,,,0x0,0x0,0x0,OS observation; button function uncalibrated
29.668229,input,winmm:0,,,0x0,0x0,0x0,OS observation; button function uncalibrated
29.943389,input,winmm:0,,,0x10,0x10,0x0,OS observation; button function uncalibrated
29.955497,action,player_candidate:0x24390fbe390,0x0CE7,0,,,,candidate record word; sampled transition
29.955614,input,winmm:0,,,0x10,0x0,0x0,OS observation; button function uncalibrated
29.977295,action,player_candidate:0x24390fbe390,0x0CEF,0,,,,candidate record word; sampled transition
29.977406,input,winmm:0,,,0x10,0x0,0x0,OS observation; button function uncalibrated
29.988215,input,winmm:0,,,0x10,0x0,0x0,OS observation; button function uncalibrated
