t,object,provisional_role,descriptor,word0_hex,matches_preceding_state,table_index,entry_address,lookup_target_i16,byte_0x0a,condition_i32,read_error,interpretation
0.043534,0x24390fbc910,boss_candidate,0x24390c83600,0x05F3,True,3151,0x24390912320,1523,1,-1,,Potential transition lookup key; not proof this transition occurred
0.043534,0x24390fbc910,boss_candidate,0x24390c83600,0x05F3,True,3152,0x24390912350,3344,0,-1,,Potential transition lookup key; not proof this transition occurred
0.043534,0x24390fbc910,boss_candidate,0x24390c83600,0x05F3,True,3153,0x24390912950,17,0,-1,,Potential transition lookup key; not proof this transition occurred
0.043534,0x24390fbc910,boss_candidate,0x24390c83600,0x05F3,True,3154,0x24390912980,3272,0,-1,,Potential transition lookup key; not proof this transition occurred
0.043534,0x24390fbc910,boss_candidate,0x24390c83600,0x05F3,True,3155,0x243909129b0,3247,0,-1,,Potential transition lookup key; not proof this transition occurred
0.043534,0x24390fbc910,boss_candidate,0x24390c83600,0x05F3,True,3156,0x243909129e0,1705,0,-1,,Potential transition lookup key; not proof this transition occurred
0.043534,0x24390fbc910,boss_candidate,0x24390c83600,0x05F3,True,3157,0x24390912a10,17,0,-1,,Potential transition lookup key; not proof this transition occurred
0.043534,0x24390fbc910,boss_candidate,0x24390c83600,0x05F3,True,3158,0x24390912a40,3273,0,-1,,Potential transition lookup key; not proof this transition occurred
0.043534,0x24390fbc910,boss_candidate,0x24390c83600,0x05F3,True,3159,0x24390912b30,170,0,-1,,Potential transition lookup key; not proof this transition occurred
5.127922,0x24390fbc910,boss_candidate,0x24390c7a700,0x0008,True,135,0x24390908180,0,1,-1,,Potential transition lookup key; not proof this transition occurred
5.127922,0x24390fbc910,boss_candidate,0x24390c7a700,0x0008,True,136,0x243909081b0,25,0,-1,,Potential transition lookup key; not proof this transition occurred
5.127922,0x24390fbc910,boss_candidate,0x24390c7a700,0x0008,True,137,0x243909081e0,30,0,-1,,Potential transition lookup key; not proof this transition occurred
5.127922,0x24390fbc910,boss_candidate,0x24390c7a700,0x0008,True,138,0x24390908210,31,0,-1,,Potential transition lookup key; not proof this transition occurred
5.127922,0x24390fbc910,boss_candidate,0x24390c7a700,0x0008,True,139,0x24390908240,32,0,-1,,Potential transition lookup key; not proof this transition occurred
5.127922,0x24390fbc910,boss_candidate,0x24390c7a700,0x0008,True,140,0x24390908270,33,0,-1,,Potential transition lookup key; not proof this transition occurred
5.127922,0x24390fbc910,boss_candidate,0x24390c7a700,0x0008,True,141,0x243909082a0,31,0,-1,,Potential transition lookup key; not proof this transition occurred
5.127922,0x24390fbc910,boss_candidate,0x24390c7a700,0x0008,True,142,0x243909082d0,12,0,-1,,Potential transition lookup key; not proof this transition occurred
5.127922,0x24390fbc910,boss_candidate,0x24390c7a700,0x0008,True,143,0x24390908300,3155,0,-1,,Potential transition lookup key; not proof this transition occurred
5.127922,0x24390fbc910,boss_candidate,0x24390c7a700,0x0008,True,144,0x24390908330,3156,0,-1,,Potential transition lookup key; not proof this transition occurred
5.127922,0x24390fbc910,boss_candidate,0x24390c7a700,0x0008,True,145,0x24390908360,3157,0,-1,,Potential transition lookup key; not proof this transition occurred
5.127922,0x24390fbc910,boss_candidate,0x24390c7a700,0x0008,True,146,0x24390908390,3154,0,-1,,Potential transition lookup key; not proof this transition occurred
5.127922,0x24390fbc910,boss_candidate,0x24390c7a700,0x0008,True,147,0x243909083c0,8,1,-1,,Potential transition lookup key; not proof this transition occurred
5.127922,0x24390fbc910,boss_candidate,0x24390c7a700,0x0008,True,148,0x243909083f0,13,0,-1,,Potential transition lookup key; not proof this transition occurred
5.127922,0x24390fbc910,boss_candidate,0x24390c7a700,0x0008,True,149,0x24390908420,0,0,-1,,Potential transition lookup key; not proof this transition occurred
5.127922,0x24390fbc910,boss_candidate,0x24390c7a700,0x0008,True,150,0x24390912950,17,0,-1,,Potential transition lookup key; not proof this transition occurred
5.127922,0x24390fbc910,boss_candidate,0x24390c7a700,0x0008,True,151,0x24390912980,3272,0,-1,,Potential transition lookup key; not proof this transition occurred
5.127922,0x24390fbc910,boss_candidate,0x24390c7a700,0x0008,True,152,0x243909129b0,3247,0,-1,,Potential transition lookup key; not proof this transition occurred
5.127922,0x24390fbc910,boss_candidate,0x24390c7a700,0x0008,True,153,0x243909129e0,1705,0,-1,,Potential transition lookup key; not proof this transition occurred
5.127922,0x24390fbc910,boss_candidate,0x24390c7a700,0x0008,True,154,0x24390912a10,17,0,-1,,Potential transition lookup key; not proof this transition occurred
5.127922,0x24390fbc910,boss_candidate,0x24390c7a700,0x0008,True,155,0x24390912a40,3273,0,-1,,Potential transition lookup key; not proof this transition occurred
5.127922,0x24390fbc910,boss_candidate,0x24390c7a700,0x0008,True,156,0x24390912b30,170,0,-1,,Potential transition lookup key; not proof this transition occurred
5.127922,0x24390fbc910,boss_candidate,0x24390c7a700,0x0008,True,157,0x24390912b60,3259,0,-1,,Potential transition lookup key; not proof this transition occurred
5.127922,0x24390fbc910,boss_candidate,0x24390c7a700,0x0008,True,158,0x24390912b90,16,0,-1,,Potential transition lookup key; not proof this transition occurred
5.127922,0x24390fbc910,boss_candidate,0x24390c7a700,0x0008,True,159,0x24390912bc0,3174,0,-1,,Potential transition lookup key; not proof this transition occurred
5.127922,0x24390fbc910,boss_candidate,0x24390c7a700,0x0008,True,160,0x24390912bf0,3175,0,-1,,Potential transition lookup key; not proof this transition occurred
5.127922,0x24390fbc910,boss_candidate,0x24390c7a700,0x0008,True,161,0x24390912c20,3176,0,-1,,Potential transition lookup key; not proof this transition occurred
5.127922,0x24390fbc910,boss_candidate,0x24390c7a700,0x0008,True,162,0x24390912c50,3163,0,-1,,Potential transition lookup key; not proof this transition occurred
5.127922,0x24390fbc910,boss_candidate,0x24390c7a700,0x0008,True,163,0x24390912c80,3169,0,-1,,Potential transition lookup key; not proof this transition occurred
5.127922,0x24390fbc910,boss_candidate,0x24390c7a700,0x0008,True,164,0x24390912cb0,3165,0,-1,,Potential transition lookup key; not proof this transition occurred
5.127922,0x24390fbc910,boss_candidate,0x24390c7a700,0x0008,True,165,0x24390912ce0,3172,0,-1,,Potential transition lookup key; not proof this transition occurred
5.127922,0x24390fbc910,boss_candidate,0x24390c7a700,0x0008,True,166,0x24390912d10,3177,0,-1,,Potential transition lookup key; not proof this transition occurred
5.127922,0x24390fbc910,boss_candidate,0x24390c7a700,0x0008,True,167,0x24390912d40,3178,0,-1,,Potential transition lookup key; not proof this transition occurred
5.127922,0x24390fbc910,boss_candidate,0x24390c7a700,0x0008,True,168,0x24390912d70,3179,0,-1,,Potential transition lookup key; not proof this transition occurred
5.127922,0x24390fbc910,boss_candidate,0x24390c7a700,0x0008,True,169,0x24390912da0,3180,0,-1,,Potential transition lookup key; not proof this transition occurred
5.127922,0x24390fbc910,boss_candidate,0x24390c7a700,0x0008,True,170,0x24390912dd0,3166,0,-1,,Potential transition lookup key; not proof this transition occurred
5.127922,0x24390fbc910,boss_candidate,0x24390c7a700,0x0008,True,171,0x24390912e00,3002,0,-1,,Potential transition lookup key; not proof this transition occurred
5.127922,0x24390fbc910,boss_candidate,0x24390c7a700,0x0008,True,172,0x24390912e30,3003,0,-1,,Potential transition lookup key; not proof this transition occurred
5.127922,0x24390fbc910,boss_candidate,0x24390c7a700,0x0008,True,173,0x24390912e60,1523,0,-1,,Potential transition lookup key; not proof this transition occurred
5.127922,0x24390fbc910,boss_candidate,0x24390c7a700,0x0008,True,174,0x24390912f80,1341,255,-1,,Potential transition lookup key; not proof this transition occurred
5.127922,0x24390fbc910,boss_candidate,0x24390c7a700,0x0008,True,175,0x24390912fb0,1343,255,-1,,Potential transition lookup key; not proof this transition occurred
5.985146,0x24390fbc910,boss_candidate,0x24390c7aa40,0x0000,True,0,0x24390913940,0,1,-1,,Potential transition lookup key; not proof this transition occurred
5.985146,0x24390fbc910,boss_candidate,0x24390c7aa40,0x0000,True,1,0x24390913970,25,0,-1,,Potential transition lookup key; not proof this transition occurred
5.985146,0x24390fbc910,boss_candidate,0x24390c7aa40,0x0000,True,2,0x243909139a0,30,0,-1,,Potential transition lookup key; not proof this transition occurred
5.985146,0x24390fbc910,boss_candidate,0x24390c7aa40,0x0000,True,3,0x243909139d0,31,0,-1,,Potential transition lookup key; not proof this transition occurred
5.985146,0x24390fbc910,boss_candidate,0x24390c7aa40,0x0000,True,4,0x24390913a00,32,0,-1,,Potential transition lookup key; not proof this transition occurred
5.985146,0x24390fbc910,boss_candidate,0x24390c7aa40,0x0000,True,5,0x24390913a30,33,0,-1,,Potential transition lookup key; not proof this transition occurred
5.985146,0x24390fbc910,boss_candidate,0x24390c7aa40,0x0000,True,6,0x24390913a60,31,0,-1,,Potential transition lookup key; not proof this transition occurred
5.985146,0x24390fbc910,boss_candidate,0x24390c7aa40,0x0000,True,7,0x24390913a90,3154,0,-1,,Potential transition lookup key; not proof this transition occurred
5.985146,0x24390fbc910,boss_candidate,0x24390c7aa40,0x0000,True,8,0x24390913700,12,0,-1,,Potential transition lookup key; not proof this transition occurred
5.985146,0x24390fbc910,boss_candidate,0x24390c7aa40,0x0000,True,9,0x24390913730,3155,0,-1,,Potential transition lookup key; not proof this transition occurred
5.985146,0x24390fbc910,boss_candidate,0x24390c7aa40,0x0000,True,10,0x24390913760,3156,0,-1,,Potential transition lookup key; not proof this transition occurred
5.985146,0x24390fbc910,boss_candidate,0x24390c7aa40,0x0000,True,11,0x24390913790,3157,0,-1,,Potential transition lookup key; not proof this transition occurred
5.985146,0x24390fbc910,boss_candidate,0x24390c7aa40,0x0000,True,12,0x243909137c0,8,0,-1,,Potential transition lookup key; not proof this transition occurred
5.985146,0x24390fbc910,boss_candidate,0x24390c7aa40,0x0000,True,13,0x243909137f0,13,0,-1,,Potential transition lookup key; not proof this transition occurred
5.985146,0x24390fbc910,boss_candidate,0x24390c7aa40,0x0000,True,14,0x24390912950,17,0,-1,,Potential transition lookup key; not proof this transition occurred
5.985146,0x24390fbc910,boss_candidate,0x24390c7aa40,0x0000,True,15,0x24390912980,3272,0,-1,,Potential transition lookup key; not proof this transition occurred
5.985146,0x24390fbc910,boss_candidate,0x24390c7aa40,0x0000,True,16,0x243909129b0,3247,0,-1,,Potential transition lookup key; not proof this transition occurred
5.985146,0x24390fbc910,boss_candidate,0x24390c7aa40,0x0000,True,17,0x243909129e0,1705,0,-1,,Potential transition lookup key; not proof this transition occurred
5.985146,0x24390fbc910,boss_candidate,0x24390c7aa40,0x0000,True,18,0x24390912a10,17,0,-1,,Potential transition lookup key; not proof this transition occurred
5.985146,0x24390fbc910,boss_candidate,0x24390c7aa40,0x0000,True,19,0x24390912a40,3273,0,-1,,Potential transition lookup key; not proof this transition occurred
5.985146,0x24390fbc910,boss_candidate,0x24390c7aa40,0x0000,True,20,0x24390912b30,170,0,-1,,Potential transition lookup key; not proof this transition occurred
5.985146,0x24390fbc910,boss_candidate,0x24390c7aa40,0x0000,True,21,0x24390912b60,3259,0,-1,,Potential transition lookup key; not proof this transition occurred
5.985146,0x24390fbc910,boss_candidate,0x24390c7aa40,0x0000,True,22,0x24390912b90,16,0,-1,,Potential transition lookup key; not proof this transition occurred
5.985146,0x24390fbc910,boss_candidate,0x24390c7aa40,0x0000,True,23,0x24390912bc0,3174,0,-1,,Potential transition lookup key; not proof this transition occurred
5.985146,0x24390fbc910,boss_candidate,0x24390c7aa40,0x0000,True,24,0x24390912bf0,3175,0,-1,,Potential transition lookup key; not proof this transition occurred
5.985146,0x24390fbc910,boss_candidate,0x24390c7aa40,0x0000,True,25,0x24390912c20,3176,0,-1,,Potential transition lookup key; not proof this transition occurred
5.985146,0x24390fbc910,boss_candidate,0x24390c7aa40,0x0000,True,26,0x24390912c50,3163,0,-1,,Potential transition lookup key; not proof this transition occurred
5.985146,0x24390fbc910,boss_candidate,0x24390c7aa40,0x0000,True,27,0x24390912c80,3169,0,-1,,Potential transition lookup key; not proof this transition occurred
5.985146,0x24390fbc910,boss_candidate,0x24390c7aa40,0x0000,True,28,0x24390912cb0,3165,0,-1,,Potential transition lookup key; not proof this transition occurred
5.985146,0x24390fbc910,boss_candidate,0x24390c7aa40,0x0000,True,29,0x24390912ce0,3172,0,-1,,Potential transition lookup key; not proof this transition occurred
5.985146,0x24390fbc910,boss_candidate,0x24390c7aa40,0x0000,True,30,0x24390912d10,3177,0,-1,,Potential transition lookup key; not proof this transition occurred
5.985146,0x24390fbc910,boss_candidate,0x24390c7aa40,0x0000,True,31,0x24390912d40,3178,0,-1,,Potential transition lookup key; not proof this transition occurred
5.985146,0x24390fbc910,boss_candidate,0x24390c7aa40,0x0000,True,32,0x24390912d70,3179,0,-1,,Potential transition lookup key; not proof this transition occurred
5.985146,0x24390fbc910,boss_candidate,0x24390c7aa40,0x0000,True,33,0x24390912da0,3180,0,-1,,Potential transition lookup key; not proof this transition occurred
5.985146,0x24390fbc910,boss_candidate,0x24390c7aa40,0x0000,True,34,0x24390912dd0,3166,0,-1,,Potential transition lookup key; not proof this transition occurred
5.985146,0x24390fbc910,boss_candidate,0x24390c7aa40,0x0000,True,35,0x24390912e00,3002,0,-1,,Potential transition lookup key; not proof this transition occurred
5.985146,0x24390fbc910,boss_candidate,0x24390c7aa40,0x0000,True,36,0x24390912e30,3003,0,-1,,Potential transition lookup key; not proof this transition occurred
5.985146,0x24390fbc910,boss_candidate,0x24390c7aa40,0x0000,True,37,0x24390912e60,1523,0,-1,,Potential transition lookup key; not proof this transition occurred
5.985146,0x24390fbc910,boss_candidate,0x24390c7aa40,0x0000,True,38,0x24390912f80,1341,255,-1,,Potential transition lookup key; not proof this transition occurred
5.985146,0x24390fbc910,boss_candidate,0x24390c7aa40,0x0000,True,39,0x24390912fb0,1343,255,-1,,Potential transition lookup key; not proof this transition occurred
6.005343,0x24390fbc910,boss_candidate,0x24390c7be90,0x0C64,True,726,0x243909060b0,0,1,-1,,Potential transition lookup key; not proof this transition occurred
6.005343,0x24390fbc910,boss_candidate,0x24390c7be90,0x0C64,True,727,0x243909060e0,3173,2,-1,,Potential transition lookup key; not proof this transition occurred
6.005343,0x24390fbc910,boss_candidate,0x24390c7be90,0x0C64,True,728,0x24390906110,3173,0,-1,,Potential transition lookup key; not proof this transition occurred
6.005343,0x24390fbc910,boss_candidate,0x24390c7be90,0x0C64,True,729,0x24390906140,3164,2,-1,,Potential transition lookup key; not proof this transition occurred
6.005343,0x24390fbc910,boss_candidate,0x24390c7be90,0x0C64,True,730,0x24390906170,3164,0,-1,,Potential transition lookup key; not proof this transition occurred
6.005343,0x24390fbc910,boss_candidate,0x24390c7be90,0x0C64,True,731,0x243909061a0,3181,0,-1,,Potential transition lookup key; not proof this transition occurred
6.005343,0x24390fbc910,boss_candidate,0x24390c7be90,0x0C64,True,732,0x243909061d0,3181,0,-1,,Potential transition lookup key; not proof this transition occurred
6.005343,0x24390fbc910,boss_candidate,0x24390c7be90,0x0C64,True,733,0x24390906200,3182,0,-1,,Potential transition lookup key; not proof this transition occurred
6.005343,0x24390fbc910,boss_candidate,0x24390c7be90,0x0C64,True,734,0x24390906230,3182,0,-1,,Potential transition lookup key; not proof this transition occurred
6.005343,0x24390fbc910,boss_candidate,0x24390c7be90,0x0C64,True,735,0x24390906260,3183,0,-1,,Potential transition lookup key; not proof this transition occurred
6.005343,0x24390fbc910,boss_candidate,0x24390c7be90,0x0C64,True,736,0x24390906290,3183,0,-1,,Potential transition lookup key; not proof this transition occurred
6.005343,0x24390fbc910,boss_candidate,0x24390c7be90,0x0C64,True,737,0x243909062c0,3184,0,-1,,Potential transition lookup key; not proof this transition occurred
6.005343,0x24390fbc910,boss_candidate,0x24390c7be90,0x0C64,True,738,0x243909062f0,3184,0,-1,,Potential transition lookup key; not proof this transition occurred
6.005343,0x24390fbc910,boss_candidate,0x24390c7be90,0x0C64,True,739,0x24390906320,3185,0,-1,,Potential transition lookup key; not proof this transition occurred
6.005343,0x24390fbc910,boss_candidate,0x24390c7be90,0x0C64,True,740,0x24390906350,3185,0,-1,,Potential transition lookup key; not proof this transition occurred
6.005343,0x24390fbc910,boss_candidate,0x24390c7be90,0x0C64,True,741,0x24390906380,3186,0,-1,,Potential transition lookup key; not proof this transition occurred
6.005343,0x24390fbc910,boss_candidate,0x24390c7be90,0x0C64,True,742,0x243909063b0,3186,0,-1,,Potential transition lookup key; not proof this transition occurred
6.005343,0x24390fbc910,boss_candidate,0x24390c7be90,0x0C64,True,743,0x24390912950,17,0,-1,,Potential transition lookup key; not proof this transition occurred
6.005343,0x24390fbc910,boss_candidate,0x24390c7be90,0x0C64,True,744,0x24390912980,3272,0,-1,,Potential transition lookup key; not proof this transition occurred
6.005343,0x24390fbc910,boss_candidate,0x24390c7be90,0x0C64,True,745,0x243909129b0,3247,0,-1,,Potential transition lookup key; not proof this transition occurred
6.005343,0x24390fbc910,boss_candidate,0x24390c7be90,0x0C64,True,746,0x243909129e0,1705,0,-1,,Potential transition lookup key; not proof this transition occurred
6.005343,0x24390fbc910,boss_candidate,0x24390c7be90,0x0C64,True,747,0x24390912a10,17,0,-1,,Potential transition lookup key; not proof this transition occurred
6.005343,0x24390fbc910,boss_candidate,0x24390c7be90,0x0C64,True,748,0x24390912a40,3273,0,-1,,Potential transition lookup key; not proof this transition occurred
6.005343,0x24390fbc910,boss_candidate,0x24390c7be90,0x0C64,True,749,0x24390912e90,30,0,-1,,Potential transition lookup key; not proof this transition occurred
6.005343,0x24390fbc910,boss_candidate,0x24390c7be90,0x0C64,True,750,0x24390912ec0,32,0,-1,,Potential transition lookup key; not proof this transition occurred
6.005343,0x24390fbc910,boss_candidate,0x24390c7be90,0x0C64,True,751,0x24390912ef0,33,0,-1,,Potential transition lookup key; not proof this transition occurred
6.005343,0x24390fbc910,boss_candidate,0x24390c7be90,0x0C64,True,752,0x24390912f20,31,0,-1,,Potential transition lookup key; not proof this transition occurred
6.005343,0x24390fbc910,boss_candidate,0x24390c7be90,0x0C64,True,753,0x24390912f50,25,0,-1,,Potential transition lookup key; not proof this transition occurred
7.827543,0x24390fbc910,boss_candidate,0x24390c7b0c0,0x001F,True,482,0x243909065f0,0,0,-1,,Potential transition lookup key; not proof this transition occurred
7.827543,0x24390fbc910,boss_candidate,0x24390c7b0c0,0x001F,True,483,0x24390906620,30,2,-1,,Potential transition lookup key; not proof this transition occurred
7.827543,0x24390fbc910,boss_candidate,0x24390c7b0c0,0x001F,True,484,0x24390906650,30,0,-1,,Potential transition lookup key; not proof this transition occurred
7.827543,0x24390fbc910,boss_candidate,0x24390c7b0c0,0x001F,True,485,0x24390906680,32,2,-1,,Potential transition lookup key; not proof this transition occurred
7.827543,0x24390fbc910,boss_candidate,0x24390c7b0c0,0x001F,True,486,0x243909066b0,32,0,-1,,Potential transition lookup key; not proof this transition occurred
7.827543,0x24390fbc910,boss_candidate,0x24390c7b0c0,0x001F,True,487,0x243909066e0,33,2,-1,,Potential transition lookup key; not proof this transition occurred
7.827543,0x24390fbc910,boss_candidate,0x24390c7b0c0,0x001F,True,488,0x24390906710,33,0,-1,,Potential transition lookup key; not proof this transition occurred
7.827543,0x24390fbc910,boss_candidate,0x24390c7b0c0,0x001F,True,489,0x24390906740,3158,2,-1,,Potential transition lookup key; not proof this transition occurred
7.827543,0x24390fbc910,boss_candidate,0x24390c7b0c0,0x001F,True,490,0x24390906770,3158,0,-1,,Potential transition lookup key; not proof this transition occurred
7.827543,0x24390fbc910,boss_candidate,0x24390c7b0c0,0x001F,True,491,0x243909067a0,3168,2,-1,,Potential transition lookup key; not proof this transition occurred
7.827543,0x24390fbc910,boss_candidate,0x24390c7b0c0,0x001F,True,492,0x243909067d0,3168,0,-1,,Potential transition lookup key; not proof this transition occurred
7.827543,0x24390fbc910,boss_candidate,0x24390c7b0c0,0x001F,True,493,0x24390906800,3184,0,-1,,Potential transition lookup key; not proof this transition occurred
7.827543,0x24390fbc910,boss_candidate,0x24390c7b0c0,0x001F,True,494,0x24390906830,3184,0,-1,,Potential transition lookup key; not proof this transition occurred
7.827543,0x24390fbc910,boss_candidate,0x24390c7b0c0,0x001F,True,495,0x24390906860,3185,0,-1,,Potential transition lookup key; not proof this transition occurred
7.827543,0x24390fbc910,boss_candidate,0x24390c7b0c0,0x001F,True,496,0x24390906890,3185,0,-1,,Potential transition lookup key; not proof this transition occurred
7.827543,0x24390fbc910,boss_candidate,0x24390c7b0c0,0x001F,True,497,0x243909068c0,3186,0,-1,,Potential transition lookup key; not proof this transition occurred
7.827543,0x24390fbc910,boss_candidate,0x24390c7b0c0,0x001F,True,498,0x243909068f0,3186,0,-1,,Potential transition lookup key; not proof this transition occurred
7.827543,0x24390fbc910,boss_candidate,0x24390c7b0c0,0x001F,True,499,0x24390912950,17,0,-1,,Potential transition lookup key; not proof this transition occurred
7.827543,0x24390fbc910,boss_candidate,0x24390c7b0c0,0x001F,True,500,0x24390912980,3272,0,-1,,Potential transition lookup key; not proof this transition occurred
7.827543,0x24390fbc910,boss_candidate,0x24390c7b0c0,0x001F,True,501,0x243909129b0,3247,0,-1,,Potential transition lookup key; not proof this transition occurred
7.827543,0x24390fbc910,boss_candidate,0x24390c7b0c0,0x001F,True,502,0x243909129e0,1705,0,-1,,Potential transition lookup key; not proof this transition occurred
7.827543,0x24390fbc910,boss_candidate,0x24390c7b0c0,0x001F,True,503,0x24390912a10,17,0,-1,,Potential transition lookup key; not proof this transition occurred
7.827543,0x24390fbc910,boss_candidate,0x24390c7b0c0,0x001F,True,504,0x24390912a40,3273,0,-1,,Potential transition lookup key; not proof this transition occurred
7.827543,0x24390fbc910,boss_candidate,0x24390c7b0c0,0x001F,True,505,0x24390912e90,30,0,-1,,Potential transition lookup key; not proof this transition occurred
7.827543,0x24390fbc910,boss_candidate,0x24390c7b0c0,0x001F,True,506,0x24390912ec0,32,0,-1,,Potential transition lookup key; not proof this transition occurred
7.827543,0x24390fbc910,boss_candidate,0x24390c7b0c0,0x001F,True,507,0x24390912ef0,33,0,-1,,Potential transition lookup key; not proof this transition occurred
7.827543,0x24390fbc910,boss_candidate,0x24390c7b0c0,0x001F,True,508,0x24390912f20,31,0,-1,,Potential transition lookup key; not proof this transition occurred
7.827543,0x24390fbc910,boss_candidate,0x24390c7b0c0,0x001F,True,509,0x24390912f50,25,0,-1,,Potential transition lookup key; not proof this transition occurred
9.790813,0x24390fbc910,boss_candidate,0x24390c7bf60,0x0C65,True,754,0x243909063e0,0,1,-1,,Potential transition lookup key; not proof this transition occurred
9.790813,0x24390fbc910,boss_candidate,0x24390c7bf60,0x0C65,True,755,0x24390906410,3181,0,-1,,Potential transition lookup key; not proof this transition occurred
9.790813,0x24390fbc910,boss_candidate,0x24390c7bf60,0x0C65,True,756,0x24390906440,3181,0,-1,,Potential transition lookup key; not proof this transition occurred
9.790813,0x24390fbc910,boss_candidate,0x24390c7bf60,0x0C65,True,757,0x24390906470,3182,0,-1,,Potential transition lookup key; not proof this transition occurred
9.790813,0x24390fbc910,boss_candidate,0x24390c7bf60,0x0C65,True,758,0x243909064a0,3182,0,-1,,Potential transition lookup key; not proof this transition occurred
9.790813,0x24390fbc910,boss_candidate,0x24390c7bf60,0x0C65,True,759,0x2439092d1d0,3183,0,-1,,Potential transition lookup key; not proof this transition occurred
9.790813,0x24390fbc910,boss_candidate,0x24390c7bf60,0x0C65,True,760,0x2439092d200,3183,0,-1,,Potential transition lookup key; not proof this transition occurred
9.790813,0x24390fbc910,boss_candidate,0x24390c7bf60,0x0C65,True,761,0x2439092d230,3184,0,-1,,Potential transition lookup key; not proof this transition occurred
9.790813,0x24390fbc910,boss_candidate,0x24390c7bf60,0x0C65,True,762,0x2439092d260,3184,0,-1,,Potential transition lookup key; not proof this transition occurred
9.790813,0x24390fbc910,boss_candidate,0x24390c7bf60,0x0C65,True,763,0x2439092d290,3185,0,-1,,Potential transition lookup key; not proof this transition occurred
9.790813,0x24390fbc910,boss_candidate,0x24390c7bf60,0x0C65,True,764,0x2439092d2c0,3185,0,-1,,Potential transition lookup key; not proof this transition occurred
9.790813,0x24390fbc910,boss_candidate,0x24390c7bf60,0x0C65,True,765,0x2439092d2f0,3186,0,-1,,Potential transition lookup key; not proof this transition occurred
9.790813,0x24390fbc910,boss_candidate,0x24390c7bf60,0x0C65,True,766,0x2439092d320,3186,0,-1,,Potential transition lookup key; not proof this transition occurred
9.790813,0x24390fbc910,boss_candidate,0x24390c7bf60,0x0C65,True,767,0x24390912950,17,0,-1,,Potential transition lookup key; not proof this transition occurred
9.790813,0x24390fbc910,boss_candidate,0x24390c7bf60,0x0C65,True,768,0x24390912980,3272,0,-1,,Potential transition lookup key; not proof this transition occurred
9.790813,0x24390fbc910,boss_candidate,0x24390c7bf60,0x0C65,True,769,0x243909129b0,3247,0,-1,,Potential transition lookup key; not proof this transition occurred
9.790813,0x24390fbc910,boss_candidate,0x24390c7bf60,0x0C65,True,770,0x243909129e0,1705,0,-1,,Potential transition lookup key; not proof this transition occurred
9.790813,0x24390fbc910,boss_candidate,0x24390c7bf60,0x0C65,True,771,0x24390912a10,17,0,-1,,Potential transition lookup key; not proof this transition occurred
9.790813,0x24390fbc910,boss_candidate,0x24390c7bf60,0x0C65,True,772,0x24390912a40,3273,0,-1,,Potential transition lookup key; not proof this transition occurred
9.790813,0x24390fbc910,boss_candidate,0x24390c7bf60,0x0C65,True,773,0x24390912e90,30,0,-1,,Potential transition lookup key; not proof this transition occurred
9.790813,0x24390fbc910,boss_candidate,0x24390c7bf60,0x0C65,True,774,0x24390912ec0,32,0,-1,,Potential transition lookup key; not proof this transition occurred
9.790813,0x24390fbc910,boss_candidate,0x24390c7bf60,0x0C65,True,775,0x24390912ef0,33,0,-1,,Potential transition lookup key; not proof this transition occurred
9.790813,0x24390fbc910,boss_candidate,0x24390c7bf60,0x0C65,True,776,0x24390912f20,31,0,-1,,Potential transition lookup key; not proof this transition occurred
9.790813,0x24390fbc910,boss_candidate,0x24390c7bf60,0x0C65,True,777,0x24390912f50,25,0,-1,,Potential transition lookup key; not proof this transition occurred
12.026965,0x24390fbc910,boss_candidate,0x24390c7b9b0,0x0C5E,True,643,0x24390905d80,0,1,-1,,Potential transition lookup key; not proof this transition occurred
12.026965,0x24390fbc910,boss_candidate,0x24390c7b9b0,0x0C5E,True,644,0x24390905db0,3020,255,-1,,Potential transition lookup key; not proof this transition occurred
12.026965,0x24390fbc910,boss_candidate,0x24390c7b9b0,0x0C5E,True,645,0x24390912950,17,0,-1,,Potential transition lookup key; not proof this transition occurred
12.026965,0x24390fbc910,boss_candidate,0x24390c7b9b0,0x0C5E,True,646,0x24390912980,3272,0,-1,,Potential transition lookup key; not proof this transition occurred
12.026965,0x24390fbc910,boss_candidate,0x24390c7b9b0,0x0C5E,True,647,0x243909129b0,3247,0,-1,,Potential transition lookup key; not proof this transition occurred
12.026965,0x24390fbc910,boss_candidate,0x24390c7b9b0,0x0C5E,True,648,0x243909129e0,1705,0,-1,,Potential transition lookup key; not proof this transition occurred
12.026965,0x24390fbc910,boss_candidate,0x24390c7b9b0,0x0C5E,True,649,0x24390912a10,17,0,-1,,Potential transition lookup key; not proof this transition occurred
12.026965,0x24390fbc910,boss_candidate,0x24390c7b9b0,0x0C5E,True,650,0x24390912a40,3273,0,-1,,Potential transition lookup key; not proof this transition occurred
12.026965,0x24390fbc910,boss_candidate,0x24390c7b9b0,0x0C5E,True,651,0x24390912e90,30,0,-1,,Potential transition lookup key; not proof this transition occurred
12.026965,0x24390fbc910,boss_candidate,0x24390c7b9b0,0x0C5E,True,652,0x24390912ec0,32,0,-1,,Potential transition lookup key; not proof this transition occurred
12.026965,0x24390fbc910,boss_candidate,0x24390c7b9b0,0x0C5E,True,653,0x24390912ef0,33,0,-1,,Potential transition lookup key; not proof this transition occurred
12.026965,0x24390fbc910,boss_candidate,0x24390c7b9b0,0x0C5E,True,654,0x24390912f20,31,0,-1,,Potential transition lookup key; not proof this transition occurred
12.026965,0x24390fbc910,boss_candidate,0x24390c7b9b0,0x0C5E,True,655,0x24390912f50,25,0,-1,,Potential transition lookup key; not proof this transition occurred
16.566731,0x24390fbc910,boss_candidate,0x24390c7a3c0,0x0C54,True,299,0x243909073d0,0,1,-1,,Potential transition lookup key; not proof this transition occurred
16.566731,0x24390fbc910,boss_candidate,0x24390c7a3c0,0x0C54,True,300,0x24390907400,25,0,-1,,Potential transition lookup key; not proof this transition occurred
16.566731,0x24390fbc910,boss_candidate,0x24390c7a3c0,0x0C54,True,301,0x24390907430,30,0,-1,,Potential transition lookup key; not proof this transition occurred
16.566731,0x24390fbc910,boss_candidate,0x24390c7a3c0,0x0C54,True,302,0x24390907460,31,0,-1,,Potential transition lookup key; not proof this transition occurred
16.566731,0x24390fbc910,boss_candidate,0x24390c7a3c0,0x0C54,True,303,0x24390907490,32,0,-1,,Potential transition lookup key; not proof this transition occurred
16.566731,0x24390fbc910,boss_candidate,0x24390c7a3c0,0x0C54,True,304,0x243909074c0,33,0,-1,,Potential transition lookup key; not proof this transition occurred
16.566731,0x24390fbc910,boss_candidate,0x24390c7a3c0,0x0C54,True,305,0x243909074f0,31,0,-1,,Potential transition lookup key; not proof this transition occurred
16.566731,0x24390fbc910,boss_candidate,0x24390c7a3c0,0x0C54,True,306,0x24390907520,12,0,-1,,Potential transition lookup key; not proof this transition occurred
16.566731,0x24390fbc910,boss_candidate,0x24390c7a3c0,0x0C54,True,307,0x24390907550,3155,0,-1,,Potential transition lookup key; not proof this transition occurred
16.566731,0x24390fbc910,boss_candidate,0x24390c7a3c0,0x0C54,True,308,0x24390907580,3156,1,-1,,Potential transition lookup key; not proof this transition occurred
16.566731,0x24390fbc910,boss_candidate,0x24390c7a3c0,0x0C54,True,309,0x243909075b0,3157,0,-1,,Potential transition lookup key; not proof this transition occurred
16.566731,0x24390fbc910,boss_candidate,0x24390c7a3c0,0x0C54,True,310,0x243909075e0,3154,0,-1,,Potential transition lookup key; not proof this transition occurred
16.566731,0x24390fbc910,boss_candidate,0x24390c7a3c0,0x0C54,True,311,0x24390907610,8,0,-1,,Potential transition lookup key; not proof this transition occurred
16.566731,0x24390fbc910,boss_candidate,0x24390c7a3c0,0x0C54,True,312,0x24390907640,13,0,-1,,Potential transition lookup key; not proof this transition occurred
16.566731,0x24390fbc910,boss_candidate,0x24390c7a3c0,0x0C54,True,313,0x24390907670,0,0,-1,,Potential transition lookup key; not proof this transition occurred
16.566731,0x24390fbc910,boss_candidate,0x24390c7a3c0,0x0C54,True,314,0x24390912950,17,0,-1,,Potential transition lookup key; not proof this transition occurred
16.566731,0x24390fbc910,boss_candidate,0x24390c7a3c0,0x0C54,True,315,0x24390912980,3272,0,-1,,Potential transition lookup key; not proof this transition occurred
16.566731,0x24390fbc910,boss_candidate,0x24390c7a3c0,0x0C54,True,316,0x243909129b0,3247,0,-1,,Potential transition lookup key; not proof this transition occurred
16.566731,0x24390fbc910,boss_candidate,0x24390c7a3c0,0x0C54,True,317,0x243909129e0,1705,0,-1,,Potential transition lookup key; not proof this transition occurred
16.566731,0x24390fbc910,boss_candidate,0x24390c7a3c0,0x0C54,True,318,0x24390912a10,17,0,-1,,Potential transition lookup key; not proof this transition occurred
16.566731,0x24390fbc910,boss_candidate,0x24390c7a3c0,0x0C54,True,319,0x24390912a40,3273,0,-1,,Potential transition lookup key; not proof this transition occurred
16.566731,0x24390fbc910,boss_candidate,0x24390c7a3c0,0x0C54,True,320,0x24390912b30,170,0,-1,,Potential transition lookup key; not proof this transition occurred
16.566731,0x24390fbc910,boss_candidate,0x24390c7a3c0,0x0C54,True,321,0x24390912b60,3259,0,-1,,Potential transition lookup key; not proof this transition occurred
16.566731,0x24390fbc910,boss_candidate,0x24390c7a3c0,0x0C54,True,322,0x24390912b90,16,0,-1,,Potential transition lookup key; not proof this transition occurred
16.566731,0x24390fbc910,boss_candidate,0x24390c7a3c0,0x0C54,True,323,0x24390912bc0,3174,0,-1,,Potential transition lookup key; not proof this transition occurred
16.566731,0x24390fbc910,boss_candidate,0x24390c7a3c0,0x0C54,True,324,0x24390912bf0,3175,0,-1,,Potential transition lookup key; not proof this transition occurred
16.566731,0x24390fbc910,boss_candidate,0x24390c7a3c0,0x0C54,True,325,0x24390912c20,3176,0,-1,,Potential transition lookup key; not proof this transition occurred
16.566731,0x24390fbc910,boss_candidate,0x24390c7a3c0,0x0C54,True,326,0x24390912c50,3163,0,-1,,Potential transition lookup key; not proof this transition occurred
16.566731,0x24390fbc910,boss_candidate,0x24390c7a3c0,0x0C54,True,327,0x24390912c80,3169,0,-1,,Potential transition lookup key; not proof this transition occurred
16.566731,0x24390fbc910,boss_candidate,0x24390c7a3c0,0x0C54,True,328,0x24390912cb0,3165,0,-1,,Potential transition lookup key; not proof this transition occurred
16.566731,0x24390fbc910,boss_candidate,0x24390c7a3c0,0x0C54,True,329,0x24390912ce0,3172,0,-1,,Potential transition lookup key; not proof this transition occurred
16.566731,0x24390fbc910,boss_candidate,0x24390c7a3c0,0x0C54,True,330,0x24390912d10,3177,0,-1,,Potential transition lookup key; not proof this transition occurred
16.566731,0x24390fbc910,boss_candidate,0x24390c7a3c0,0x0C54,True,331,0x24390912d40,3178,0,-1,,Potential transition lookup key; not proof this transition occurred
16.566731,0x24390fbc910,boss_candidate,0x24390c7a3c0,0x0C54,True,332,0x24390912d70,3179,0,-1,,Potential transition lookup key; not proof this transition occurred
16.566731,0x24390fbc910,boss_candidate,0x24390c7a3c0,0x0C54,True,333,0x24390912da0,3180,0,-1,,Potential transition lookup key; not proof this transition occurred
16.566731,0x24390fbc910,boss_candidate,0x24390c7a3c0,0x0C54,True,334,0x24390912dd0,3166,0,-1,,Potential transition lookup key; not proof this transition occurred
16.566731,0x24390fbc910,boss_candidate,0x24390c7a3c0,0x0C54,True,335,0x24390912e00,3002,0,-1,,Potential transition lookup key; not proof this transition occurred
16.566731,0x24390fbc910,boss_candidate,0x24390c7a3c0,0x0C54,True,336,0x24390912e30,3003,0,-1,,Potential transition lookup key; not proof this transition occurred
16.566731,0x24390fbc910,boss_candidate,0x24390c7a3c0,0x0C54,True,337,0x24390912e60,1523,0,-1,,Potential transition lookup key; not proof this transition occurred
16.566731,0x24390fbc910,boss_candidate,0x24390c7a3c0,0x0C54,True,338,0x24390912f80,1341,255,-1,,Potential transition lookup key; not proof this transition occurred
16.566731,0x24390fbc910,boss_candidate,0x24390c7a3c0,0x0C54,True,339,0x24390912fb0,1343,255,-1,,Potential transition lookup key; not proof this transition occurred
18.125882,0x24390fbc910,boss_candidate,0x24390c7b330,0x0021,True,537,0x24390906b00,0,0,-1,,Potential transition lookup key; not proof this transition occurred
18.125882,0x24390fbc910,boss_candidate,0x24390c7b330,0x0021,True,538,0x24390906b30,30,2,-1,,Potential transition lookup key; not proof this transition occurred
18.125882,0x24390fbc910,boss_candidate,0x24390c7b330,0x0021,True,539,0x24390906b60,30,0,-1,,Potential transition lookup key; not proof this transition occurred
18.125882,0x24390fbc910,boss_candidate,0x24390c7b330,0x0021,True,540,0x24390906b90,32,2,-1,,Potential transition lookup key; not proof this transition occurred
18.125882,0x24390fbc910,boss_candidate,0x24390c7b330,0x0021,True,541,0x24390906bc0,32,0,-1,,Potential transition lookup key; not proof this transition occurred
18.125882,0x24390fbc910,boss_candidate,0x24390c7b330,0x0021,True,542,0x24390906bf0,33,2,-1,,Potential transition lookup key; not proof this transition occurred
18.125882,0x24390fbc910,boss_candidate,0x24390c7b330,0x0021,True,543,0x24390906c20,33,0,-1,,Potential transition lookup key; not proof this transition occurred
18.125882,0x24390fbc910,boss_candidate,0x24390c7b330,0x0021,True,544,0x24390906c50,31,2,-1,,Potential transition lookup key; not proof this transition occurred
18.125882,0x24390fbc910,boss_candidate,0x24390c7b330,0x0021,True,545,0x24390906c80,31,0,-1,,Potential transition lookup key; not proof this transition occurred
18.125882,0x24390fbc910,boss_candidate,0x24390c7b330,0x0021,True,546,0x24390912950,17,0,-1,,Potential transition lookup key; not proof this transition occurred
18.125882,0x24390fbc910,boss_candidate,0x24390c7b330,0x0021,True,547,0x24390912980,3272,0,-1,,Potential transition lookup key; not proof this transition occurred
18.125882,0x24390fbc910,boss_candidate,0x24390c7b330,0x0021,True,548,0x243909129b0,3247,0,-1,,Potential transition lookup key; not proof this transition occurred
18.125882,0x24390fbc910,boss_candidate,0x24390c7b330,0x0021,True,549,0x243909129e0,1705,0,-1,,Potential transition lookup key; not proof this transition occurred
18.125882,0x24390fbc910,boss_candidate,0x24390c7b330,0x0021,True,550,0x24390912a10,17,0,-1,,Potential transition lookup key; not proof this transition occurred
18.125882,0x24390fbc910,boss_candidate,0x24390c7b330,0x0021,True,551,0x24390912a40,3273,0,-1,,Potential transition lookup key; not proof this transition occurred
18.125882,0x24390fbc910,boss_candidate,0x24390c7b330,0x0021,True,552,0x24390912e90,30,0,-1,,Potential transition lookup key; not proof this transition occurred
18.125882,0x24390fbc910,boss_candidate,0x24390c7b330,0x0021,True,553,0x24390912ec0,32,0,-1,,Potential transition lookup key; not proof this transition occurred
18.125882,0x24390fbc910,boss_candidate,0x24390c7b330,0x0021,True,554,0x24390912ef0,33,0,-1,,Potential transition lookup key; not proof this transition occurred
18.125882,0x24390fbc910,boss_candidate,0x24390c7b330,0x0021,True,555,0x24390912f20,31,0,-1,,Potential transition lookup key; not proof this transition occurred
18.125882,0x24390fbc910,boss_candidate,0x24390c7b330,0x0021,True,556,0x24390912f50,25,0,-1,,Potential transition lookup key; not proof this transition occurred
18.929851,0x24390fbc910,boss_candidate,0x24390c7bc20,0x0C61,True,682,0x24390905ea0,0,1,-1,,Potential transition lookup key; not proof this transition occurred
18.929851,0x24390fbc910,boss_candidate,0x24390c7bc20,0x0C61,True,683,0x24390905ed0,3170,2,-1,,Potential transition lookup key; not proof this transition occurred
18.929851,0x24390fbc910,boss_candidate,0x24390c7bc20,0x0C61,True,684,0x24390905f00,3170,0,-1,,Potential transition lookup key; not proof this transition occurred
18.929851,0x24390fbc910,boss_candidate,0x24390c7bc20,0x0C61,True,685,0x24390912950,17,0,-1,,Potential transition lookup key; not proof this transition occurred
18.929851,0x24390fbc910,boss_candidate,0x24390c7bc20,0x0C61,True,686,0x24390912980,3272,0,-1,,Potential transition lookup key; not proof this transition occurred
18.929851,0x24390fbc910,boss_candidate,0x24390c7bc20,0x0C61,True,687,0x243909129b0,3247,0,-1,,Potential transition lookup key; not proof this transition occurred
18.929851,0x24390fbc910,boss_candidate,0x24390c7bc20,0x0C61,True,688,0x243909129e0,1705,0,-1,,Potential transition lookup key; not proof this transition occurred
18.929851,0x24390fbc910,boss_candidate,0x24390c7bc20,0x0C61,True,689,0x24390912a10,17,0,-1,,Potential transition lookup key; not proof this transition occurred
18.929851,0x24390fbc910,boss_candidate,0x24390c7bc20,0x0C61,True,690,0x24390912a40,3273,0,-1,,Potential transition lookup key; not proof this transition occurred
18.929851,0x24390fbc910,boss_candidate,0x24390c7bc20,0x0C61,True,691,0x24390912e90,30,0,-1,,Potential transition lookup key; not proof this transition occurred
18.929851,0x24390fbc910,boss_candidate,0x24390c7bc20,0x0C61,True,692,0x24390912ec0,32,0,-1,,Potential transition lookup key; not proof this transition occurred
18.929851,0x24390fbc910,boss_candidate,0x24390c7bc20,0x0C61,True,693,0x24390912ef0,33,0,-1,,Potential transition lookup key; not proof this transition occurred
18.929851,0x24390fbc910,boss_candidate,0x24390c7bc20,0x0C61,True,694,0x24390912f20,31,0,-1,,Potential transition lookup key; not proof this transition occurred
18.929851,0x24390fbc910,boss_candidate,0x24390c7bc20,0x0C61,True,695,0x24390912f50,25,0,-1,,Potential transition lookup key; not proof this transition occurred
19.474613,0x24390fbc910,boss_candidate,0x24390c7bcf0,0x0C62,True,696,0x24390905f30,0,1,-1,,Potential transition lookup key; not proof this transition occurred
19.474613,0x24390fbc910,boss_candidate,0x24390c7bcf0,0x0C62,True,697,0x24390905f60,3171,2,-1,,Potential transition lookup key; not proof this transition occurred
19.474613,0x24390fbc910,boss_candidate,0x24390c7bcf0,0x0C62,True,698,0x24390905f90,3171,0,-1,,Potential transition lookup key; not proof this transition occurred
19.474613,0x24390fbc910,boss_candidate,0x24390c7bcf0,0x0C62,True,699,0x24390912950,17,0,-1,,Potential transition lookup key; not proof this transition occurred
19.474613,0x24390fbc910,boss_candidate,0x24390c7bcf0,0x0C62,True,700,0x24390912980,3272,0,-1,,Potential transition lookup key; not proof this transition occurred
19.474613,0x24390fbc910,boss_candidate,0x24390c7bcf0,0x0C62,True,701,0x243909129b0,3247,0,-1,,Potential transition lookup key; not proof this transition occurred
19.474613,0x24390fbc910,boss_candidate,0x24390c7bcf0,0x0C62,True,702,0x243909129e0,1705,0,-1,,Potential transition lookup key; not proof this transition occurred
19.474613,0x24390fbc910,boss_candidate,0x24390c7bcf0,0x0C62,True,703,0x24390912a10,17,0,-1,,Potential transition lookup key; not proof this transition occurred
19.474613,0x24390fbc910,boss_candidate,0x24390c7bcf0,0x0C62,True,704,0x24390912a40,3273,0,-1,,Potential transition lookup key; not proof this transition occurred
19.474613,0x24390fbc910,boss_candidate,0x24390c7bcf0,0x0C62,True,705,0x24390912e90,30,0,-1,,Potential transition lookup key; not proof this transition occurred
19.474613,0x24390fbc910,boss_candidate,0x24390c7bcf0,0x0C62,True,706,0x24390912ec0,32,0,-1,,Potential transition lookup key; not proof this transition occurred
19.474613,0x24390fbc910,boss_candidate,0x24390c7bcf0,0x0C62,True,707,0x24390912ef0,33,0,-1,,Potential transition lookup key; not proof this transition occurred
19.474613,0x24390fbc910,boss_candidate,0x24390c7bcf0,0x0C62,True,708,0x24390912f20,31,0,-1,,Potential transition lookup key; not proof this transition occurred
19.474613,0x24390fbc910,boss_candidate,0x24390c7bcf0,0x0C62,True,709,0x24390912f50,25,0,-1,,Potential transition lookup key; not proof this transition occurred
19.789472,0x24390fbc910,boss_candidate,0x24390c7bdc0,0x0C63,True,710,0x24390905fc0,0,1,-1,,Potential transition lookup key; not proof this transition occurred
19.789472,0x24390fbc910,boss_candidate,0x24390c7bdc0,0x0C63,True,711,0x24390905ff0,3163,2,-1,,Potential transition lookup key; not proof this transition occurred
19.789472,0x24390fbc910,boss_candidate,0x24390c7bdc0,0x0C63,True,712,0x24390906020,3163,0,-1,,Potential transition lookup key; not proof this transition occurred
19.789472,0x24390fbc910,boss_candidate,0x24390c7bdc0,0x0C63,True,713,0x24390906050,3177,2,-1,,Potential transition lookup key; not proof this transition occurred
19.789472,0x24390fbc910,boss_candidate,0x24390c7bdc0,0x0C63,True,714,0x24390906080,3177,0,-1,,Potential transition lookup key; not proof this transition occurred
19.789472,0x24390fbc910,boss_candidate,0x24390c7bdc0,0x0C63,True,715,0x24390912950,17,0,-1,,Potential transition lookup key; not proof this transition occurred
19.789472,0x24390fbc910,boss_candidate,0x24390c7bdc0,0x0C63,True,716,0x24390912980,3272,0,-1,,Potential transition lookup key; not proof this transition occurred
19.789472,0x24390fbc910,boss_candidate,0x24390c7bdc0,0x0C63,True,717,0x243909129b0,3247,0,-1,,Potential transition lookup key; not proof this transition occurred
19.789472,0x24390fbc910,boss_candidate,0x24390c7bdc0,0x0C63,True,718,0x243909129e0,1705,0,-1,,Potential transition lookup key; not proof this transition occurred
19.789472,0x24390fbc910,boss_candidate,0x24390c7bdc0,0x0C63,True,719,0x24390912a10,17,0,-1,,Potential transition lookup key; not proof this transition occurred
19.789472,0x24390fbc910,boss_candidate,0x24390c7bdc0,0x0C63,True,720,0x24390912a40,3273,0,-1,,Potential transition lookup key; not proof this transition occurred
19.789472,0x24390fbc910,boss_candidate,0x24390c7bdc0,0x0C63,True,721,0x24390912e90,30,0,-1,,Potential transition lookup key; not proof this transition occurred
19.789472,0x24390fbc910,boss_candidate,0x24390c7bdc0,0x0C63,True,722,0x24390912ec0,32,0,-1,,Potential transition lookup key; not proof this transition occurred
19.789472,0x24390fbc910,boss_candidate,0x24390c7bdc0,0x0C63,True,723,0x24390912ef0,33,0,-1,,Potential transition lookup key; not proof this transition occurred
19.789472,0x24390fbc910,boss_candidate,0x24390c7bdc0,0x0C63,True,724,0x24390912f20,31,0,-1,,Potential transition lookup key; not proof this transition occurred
19.789472,0x24390fbc910,boss_candidate,0x24390c7bdc0,0x0C63,True,725,0x24390912f50,25,0,-1,,Potential transition lookup key; not proof this transition occurred
20.937511,0x24390fbc910,boss_candidate,0x24390c7c2a0,0x0C69,True,844,0x24390905a20,0,1,-1,,Potential transition lookup key; not proof this transition occurred
20.937511,0x24390fbc910,boss_candidate,0x24390c7c2a0,0x0C69,True,845,0x24390905a50,865,0,-1,,Potential transition lookup key; not proof this transition occurred
20.937511,0x24390fbc910,boss_candidate,0x24390c7c2a0,0x0C69,True,846,0x24390912950,17,0,-1,,Potential transition lookup key; not proof this transition occurred
20.937511,0x24390fbc910,boss_candidate,0x24390c7c2a0,0x0C69,True,847,0x24390912980,3272,0,-1,,Potential transition lookup key; not proof this transition occurred
20.937511,0x24390fbc910,boss_candidate,0x24390c7c2a0,0x0C69,True,848,0x243909129b0,3247,0,-1,,Potential transition lookup key; not proof this transition occurred
20.937511,0x24390fbc910,boss_candidate,0x24390c7c2a0,0x0C69,True,849,0x243909129e0,1705,0,-1,,Potential transition lookup key; not proof this transition occurred
20.937511,0x24390fbc910,boss_candidate,0x24390c7c2a0,0x0C69,True,850,0x24390912a10,17,0,-1,,Potential transition lookup key; not proof this transition occurred
20.937511,0x24390fbc910,boss_candidate,0x24390c7c2a0,0x0C69,True,851,0x24390912a40,3273,0,-1,,Potential transition lookup key; not proof this transition occurred
20.937511,0x24390fbc910,boss_candidate,0x24390c7c2a0,0x0C69,True,852,0x24390912e90,30,0,-1,,Potential transition lookup key; not proof this transition occurred
20.937511,0x24390fbc910,boss_candidate,0x24390c7c2a0,0x0C69,True,853,0x24390912ec0,32,0,-1,,Potential transition lookup key; not proof this transition occurred
20.937511,0x24390fbc910,boss_candidate,0x24390c7c2a0,0x0C69,True,854,0x24390912ef0,33,0,-1,,Potential transition lookup key; not proof this transition occurred
20.937511,0x24390fbc910,boss_candidate,0x24390c7c2a0,0x0C69,True,855,0x24390912f20,31,0,-1,,Potential transition lookup key; not proof this transition occurred
20.937511,0x24390fbc910,boss_candidate,0x24390c7c2a0,0x0C69,True,856,0x24390912f50,25,0,-1,,Potential transition lookup key; not proof this transition occurred
28.024479,0x24390fbc910,boss_candidate,0x24390c7a2f0,0x0C55,True,340,0x243909076a0,0,1,-1,,Potential transition lookup key; not proof this transition occurred
28.024479,0x24390fbc910,boss_candidate,0x24390c7a2f0,0x0C55,True,341,0x243909076d0,25,0,-1,,Potential transition lookup key; not proof this transition occurred
28.024479,0x24390fbc910,boss_candidate,0x24390c7a2f0,0x0C55,True,342,0x24390907700,30,0,-1,,Potential transition lookup key; not proof this transition occurred
28.024479,0x24390fbc910,boss_candidate,0x24390c7a2f0,0x0C55,True,343,0x24390907730,31,0,-1,,Potential transition lookup key; not proof this transition occurred
28.024479,0x24390fbc910,boss_candidate,0x24390c7a2f0,0x0C55,True,344,0x24390907760,32,0,-1,,Potential transition lookup key; not proof this transition occurred
28.024479,0x24390fbc910,boss_candidate,0x24390c7a2f0,0x0C55,True,345,0x24390907790,33,0,-1,,Potential transition lookup key; not proof this transition occurred
28.024479,0x24390fbc910,boss_candidate,0x24390c7a2f0,0x0C55,True,346,0x243909077c0,31,0,-1,,Potential transition lookup key; not proof this transition occurred
28.024479,0x24390fbc910,boss_candidate,0x24390c7a2f0,0x0C55,True,347,0x243909077f0,12,0,-1,,Potential transition lookup key; not proof this transition occurred
28.024479,0x24390fbc910,boss_candidate,0x24390c7a2f0,0x0C55,True,348,0x24390907820,3155,0,-1,,Potential transition lookup key; not proof this transition occurred
28.024479,0x24390fbc910,boss_candidate,0x24390c7a2f0,0x0C55,True,349,0x24390907850,3156,0,-1,,Potential transition lookup key; not proof this transition occurred
28.024479,0x24390fbc910,boss_candidate,0x24390c7a2f0,0x0C55,True,350,0x24390907880,3157,1,-1,,Potential transition lookup key; not proof this transition occurred
28.024479,0x24390fbc910,boss_candidate,0x24390c7a2f0,0x0C55,True,351,0x243909078b0,3154,0,-1,,Potential transition lookup key; not proof this transition occurred
28.024479,0x24390fbc910,boss_candidate,0x24390c7a2f0,0x0C55,True,352,0x243909078e0,8,0,-1,,Potential transition lookup key; not proof this transition occurred
28.024479,0x24390fbc910,boss_candidate,0x24390c7a2f0,0x0C55,True,353,0x24390907910,13,0,-1,,Potential transition lookup key; not proof this transition occurred
28.024479,0x24390fbc910,boss_candidate,0x24390c7a2f0,0x0C55,True,354,0x24390907940,0,0,-1,,Potential transition lookup key; not proof this transition occurred
28.024479,0x24390fbc910,boss_candidate,0x24390c7a2f0,0x0C55,True,355,0x24390912950,17,0,-1,,Potential transition lookup key; not proof this transition occurred
28.024479,0x24390fbc910,boss_candidate,0x24390c7a2f0,0x0C55,True,356,0x24390912980,3272,0,-1,,Potential transition lookup key; not proof this transition occurred
28.024479,0x24390fbc910,boss_candidate,0x24390c7a2f0,0x0C55,True,357,0x243909129b0,3247,0,-1,,Potential transition lookup key; not proof this transition occurred
28.024479,0x24390fbc910,boss_candidate,0x24390c7a2f0,0x0C55,True,358,0x243909129e0,1705,0,-1,,Potential transition lookup key; not proof this transition occurred
28.024479,0x24390fbc910,boss_candidate,0x24390c7a2f0,0x0C55,True,359,0x24390912a10,17,0,-1,,Potential transition lookup key; not proof this transition occurred
28.024479,0x24390fbc910,boss_candidate,0x24390c7a2f0,0x0C55,True,360,0x24390912a40,3273,0,-1,,Potential transition lookup key; not proof this transition occurred
28.024479,0x24390fbc910,boss_candidate,0x24390c7a2f0,0x0C55,True,361,0x24390912b30,170,0,-1,,Potential transition lookup key; not proof this transition occurred
28.024479,0x24390fbc910,boss_candidate,0x24390c7a2f0,0x0C55,True,362,0x24390912b60,3259,0,-1,,Potential transition lookup key; not proof this transition occurred
28.024479,0x24390fbc910,boss_candidate,0x24390c7a2f0,0x0C55,True,363,0x24390912b90,16,0,-1,,Potential transition lookup key; not proof this transition occurred
28.024479,0x24390fbc910,boss_candidate,0x24390c7a2f0,0x0C55,True,364,0x24390912bc0,3174,0,-1,,Potential transition lookup key; not proof this transition occurred
28.024479,0x24390fbc910,boss_candidate,0x24390c7a2f0,0x0C55,True,365,0x24390912bf0,3175,0,-1,,Potential transition lookup key; not proof this transition occurred
28.024479,0x24390fbc910,boss_candidate,0x24390c7a2f0,0x0C55,True,366,0x24390912c20,3176,0,-1,,Potential transition lookup key; not proof this transition occurred
28.024479,0x24390fbc910,boss_candidate,0x24390c7a2f0,0x0C55,True,367,0x24390912c50,3163,0,-1,,Potential transition lookup key; not proof this transition occurred
28.024479,0x24390fbc910,boss_candidate,0x24390c7a2f0,0x0C55,True,368,0x24390912c80,3169,0,-1,,Potential transition lookup key; not proof this transition occurred
28.024479,0x24390fbc910,boss_candidate,0x24390c7a2f0,0x0C55,True,369,0x24390912cb0,3165,0,-1,,Potential transition lookup key; not proof this transition occurred
28.024479,0x24390fbc910,boss_candidate,0x24390c7a2f0,0x0C55,True,370,0x24390912ce0,3172,0,-1,,Potential transition lookup key; not proof this transition occurred
28.024479,0x24390fbc910,boss_candidate,0x24390c7a2f0,0x0C55,True,371,0x24390912d10,3177,0,-1,,Potential transition lookup key; not proof this transition occurred
28.024479,0x24390fbc910,boss_candidate,0x24390c7a2f0,0x0C55,True,372,0x24390912d40,3178,0,-1,,Potential transition lookup key; not proof this transition occurred
28.024479,0x24390fbc910,boss_candidate,0x24390c7a2f0,0x0C55,True,373,0x24390912d70,3179,0,-1,,Potential transition lookup key; not proof this transition occurred
28.024479,0x24390fbc910,boss_candidate,0x24390c7a2f0,0x0C55,True,374,0x24390912da0,3180,0,-1,,Potential transition lookup key; not proof this transition occurred
28.024479,0x24390fbc910,boss_candidate,0x24390c7a2f0,0x0C55,True,375,0x24390912dd0,3166,0,-1,,Potential transition lookup key; not proof this transition occurred
28.024479,0x24390fbc910,boss_candidate,0x24390c7a2f0,0x0C55,True,376,0x24390912e00,3002,0,-1,,Potential transition lookup key; not proof this transition occurred
28.024479,0x24390fbc910,boss_candidate,0x24390c7a2f0,0x0C55,True,377,0x24390912e30,3003,0,-1,,Potential transition lookup key; not proof this transition occurred
28.024479,0x24390fbc910,boss_candidate,0x24390c7a2f0,0x0C55,True,378,0x24390912e60,1523,0,-1,,Potential transition lookup key; not proof this transition occurred
28.024479,0x24390fbc910,boss_candidate,0x24390c7a2f0,0x0C55,True,379,0x24390912f80,1341,255,-1,,Potential transition lookup key; not proof this transition occurred
28.024479,0x24390fbc910,boss_candidate,0x24390c7a2f0,0x0C55,True,380,0x24390912fb0,1343,255,-1,,Potential transition lookup key; not proof this transition occurred
